ParkName,UnitCode,ParkType,Region,State,Year,Month,RecreationVisits,NonRecreationVisits,RecreationHours,NonRecreationHours,ConcessionerLodging,ConcessionerCamping,TentCampers,RVCampers,Backcountry,NonRecreationOvernightStays,MiscellaneousOvernightStays,ParkNameTotal,UnitCodeTotal,ParkTypeTotal,RegionTotal,StateTotal,YearTotal,RecreationVisitsTotal,NonRecreationVisitsTotal,RecreationHoursTotal,NonRecreationHoursTotal,ConcessionerLodgingTotal,ConcessionerCampingTotal,TentCampersTotal,RVCampersTotal,BackcountryTotal,NonRecreationOvernightStaysTotal,MiscellaneousOvernightStaysTotal
Yellowstone NP,YELL,National Park,Intermountain ,WY,2000,1,"37,301","46,489","641,508","46,489","7,829",0,32,42,176,0,0,Yellowstone NP,YELL,National Park,Intermountain ,WY,2000,"2,838,233","956,470","62,651,460","537,001","572,069","422,971","75,505","62,856","39,297",0,"18,663"
Yellowstone NP,YELL,National Park,Intermountain ,WY,2000,2,"47,573","50,674","828,972","50,674","10,389",0,80,45,240,0,0,Yellowstone NP,YELL,National Park,Intermountain ,WY,2000,"2,838,233","956,470","62,651,460","537,001","572,069","422,971","75,505","62,856","39,297",0,"18,663"
Yellowstone NP,YELL,National Park,Intermountain ,WY,2000,3,"20,404","57,726","325,536","57,726","2,427",0,397,224,314,0,0,Yellowstone NP,YELL,National Park,Intermountain ,WY,2000,"2,838,233","956,470","62,651,460","537,001","572,069","422,971","75,505","62,856","39,297",0,"18,663"
Yellowstone NP,YELL,National Park,Intermountain ,WY,2000,4,"27,869","50,864","367,980","50,864",0,0,538,691,169,0,0,Yellowstone NP,YELL,National Park,Intermountain ,WY,2000,"2,838,233","956,470","62,651,460","537,001","572,069","422,971","75,505","62,856","39,297",0,"18,663"
Yellowstone NP,YELL,National Park,Intermountain ,WY,2000,5,"214,814","76,749","4,311,624","76,749","40,893","17,434","4,445","8,016",963,0,493,Yellowstone NP,YELL,National Park,Intermountain ,WY,2000,"2,838,233","956,470","62,651,460","537,001","572,069","422,971","75,505","62,856","39,297",0,"18,663"
Yellowstone NP,YELL,National Park,Intermountain ,WY,2000,6,"553,892","111,695","12,443,976","111,695","118,964","89,803","13,946","11,690","4,673",0,"2,477",Yellowstone NP,YELL,National Park,Intermountain ,WY,2000,"2,838,233","956,470","62,651,460","537,001","572,069","422,971","75,505","62,856","39,297",0,"18,663"
Yellowstone NP,YELL,National Park,Intermountain ,WY,2000,7,"768,040","154,472","17,742,696","154,472","146,282","147,019","22,736","15,517","14,107",0,"9,598",Yellowstone NP,YELL,National Park,Intermountain ,WY,2000,"2,838,233","956,470","62,651,460","537,001","572,069","422,971","75,505","62,856","39,297",0,"18,663"
Yellowstone NP,YELL,National Park,Intermountain ,WY,2000,8,"634,104","141,925","14,960,232","141,925","138,032","118,405","21,411","11,846","12,139",0,"4,458",Yellowstone NP,YELL,National Park,Intermountain ,WY,2000,"2,838,233","956,470","62,651,460","537,001","572,069","422,971","75,505","62,856","39,297",0,"18,663"
Yellowstone NP,YELL,National Park,Intermountain ,WY,2000,9,"353,728","98,455","8,038,056","98,455","86,007","45,097","9,459","11,194","4,793",0,"1,505",Yellowstone NP,YELL,National Park,Intermountain ,WY,2000,"2,838,233","956,470","62,651,460","537,001","572,069","422,971","75,505","62,856","39,297",0,"18,663"
Yellowstone NP,YELL,National Park,Intermountain ,WY,2000,10,"139,784","72,545","2,360,496","72,545","15,743","5,213","2,294","3,437","1,643",0,132,Yellowstone NP,YELL,National Park,Intermountain ,WY,2000,"2,838,233","956,470","62,651,460","537,001","572,069","422,971","75,505","62,856","39,297",0,"18,663"
Yellowstone NP,YELL,National Park,Intermountain ,WY,2000,11,"13,422","47,135","165,912","47,135",0,0,106,96,0,0,0,Yellowstone NP,YELL,National Park,Intermountain ,WY,2000,"2,838,233","956,470","62,651,460","537,001","572,069","422,971","75,505","62,856","39,297",0,"18,663"
Yellowstone NP,YELL,National Park,Intermountain ,WY,2000,12,"27,302","47,741","464,472","47,741","5,503",0,61,58,80,0,0,Yellowstone NP,YELL,National Park,Intermountain ,WY,2000,"2,838,233","956,470","62,651,460","537,001","572,069","422,971","75,505","62,856","39,297",0,"18,663"
Yellowstone NP,YELL,National Park,Intermountain ,WY,2001,1,"44,356","48,490","763,800","48,490","9,255",0,64,26,302,0,0,Yellowstone NP,YELL,National Park,Intermountain ,WY,2001,"2,758,526","924,884","62,969,088","524,563","584,929","461,787","76,297","63,635","43,111",0,"14,690"
Yellowstone NP,YELL,National Park,Intermountain ,WY,2001,2,"48,980","51,538","840,576","51,538","10,134",0,51,54,295,0,0,Yellowstone NP,YELL,National Park,Intermountain ,WY,2001,"2,758,526","924,884","62,969,088","524,563","584,929","461,787","76,297","63,635","43,111",0,"14,690"
Yellowstone NP,YELL,National Park,Intermountain ,WY,2001,3,"18,485","61,047","267,804","61,047","1,182",0,227,112,395,0,0,Yellowstone NP,YELL,National Park,Intermountain ,WY,2001,"2,758,526","924,884","62,969,088","524,563","584,929","461,787","76,297","63,635","43,111",0,"14,690"
Yellowstone NP,YELL,National Park,Intermountain ,WY,2001,4,"28,341","51,624","344,364","51,624",0,0,0,0,178,0,0,Yellowstone NP,YELL,National Park,Intermountain ,WY,2001,"2,758,526","924,884","62,969,088","524,563","584,929","461,787","76,297","63,635","43,111",0,"14,690"
Yellowstone NP,YELL,National Park,Intermountain ,WY,2001,5,"229,085","76,527","4,482,876","76,527","40,893","17,434","4,445","8,016",963,0,493,Yellowstone NP,YELL,National Park,Intermountain ,WY,2001,"2,758,526","924,884","62,969,088","524,563","584,929","461,787","76,297","63,635","43,111",0,"14,690"
Yellowstone NP,YELL,National Park,Intermountain ,WY,2001,6,"507,737","106,733","12,031,284","106,733","129,701","84,986","13,478","11,904","5,431",0,"1,935",Yellowstone NP,YELL,National Park,Intermountain ,WY,2001,"2,758,526","924,884","62,969,088","524,563","584,929","461,787","76,297","63,635","43,111",0,"14,690"
Yellowstone NP,YELL,National Park,Intermountain ,WY,2001,7,"724,735","147,375","17,384,076","147,375","143,675","160,454","23,267","14,947","13,800",0,"5,826",Yellowstone NP,YELL,National Park,Intermountain ,WY,2001,"2,758,526","924,884","62,969,088","524,563","584,929","461,787","76,297","63,635","43,111",0,"14,690"
Yellowstone NP,YELL,National Park,Intermountain ,WY,2001,8,"613,965","135,569","15,243,324","135,569","140,909","134,338","21,853","12,733","13,695",0,"4,628",Yellowstone NP,YELL,National Park,Intermountain ,WY,2001,"2,758,526","924,884","62,969,088","524,563","584,929","461,787","76,297","63,635","43,111",0,"14,690"
Yellowstone NP,YELL,National Park,Intermountain ,WY,2001,9,"373,583","97,535","8,739,276","97,535","86,366","59,772","10,570","12,733","6,216",0,"1,688",Yellowstone NP,YELL,National Park,Intermountain ,WY,2001,"2,758,526","924,884","62,969,088","524,563","584,929","461,787","76,297","63,635","43,111",0,"14,690"
Yellowstone NP,YELL,National Park,Intermountain ,WY,2001,10,"121,958","61,179","2,147,952","61,179","17,085","4,803","2,192","2,912","1,407",0,120,Yellowstone NP,YELL,National Park,Intermountain ,WY,2001,"2,758,526","924,884","62,969,088","524,563","584,929","461,787","76,297","63,635","43,111",0,"14,690"
Yellowstone NP,YELL,National Park,Intermountain ,WY,2001,11,"19,585","40,883","252,444","40,883",105,0,96,160,365,0,0,Yellowstone NP,YELL,National Park,Intermountain ,WY,2001,"2,758,526","924,884","62,969,088","524,563","584,929","461,787","76,297","63,635","43,111",0,"14,690"
Yellowstone NP,YELL,National Park,Intermountain ,WY,2001,12,"27,716","46,384","471,312","46,384","5,624",0,54,38,64,0,0,Yellowstone NP,YELL,National Park,Intermountain ,WY,2001,"2,758,526","924,884","62,969,088","524,563","584,929","461,787","76,297","63,635","43,111",0,"14,690"
Yellowstone NP,YELL,National Park,Intermountain ,WY,2002,1,"40,465","46,115","714,112","46,115","9,255",0,54,96,117,0,0,Yellowstone NP,YELL,National Park,Intermountain ,WY,2002,"2,973,677","941,434","66,522,626","531,180","585,859","501,578","75,974","62,670","43,682",0,"15,178"
Yellowstone NP,YELL,National Park,Intermountain ,WY,2002,2,"52,002","52,493","869,099","52,493","9,875",0,42,112,183,0,0,Yellowstone NP,YELL,National Park,Intermountain ,WY,2002,"2,973,677","941,434","66,522,626","531,180","585,859","501,578","75,974","62,670","43,682",0,"15,178"
Yellowstone NP,YELL,National Park,Intermountain ,WY,2002,3,"23,305","62,365","334,137","62,365","1,629",0,93,115,429,0,4,Yellowstone NP,YELL,National Park,Intermountain ,WY,2002,"2,973,677","941,434","66,522,626","531,180","585,859","501,578","75,974","62,670","43,682",0,"15,178"
Yellowstone NP,YELL,National Park,Intermountain ,WY,2002,4,"15,904","53,013","221,060","53,013",0,0,445,739,75,0,0,Yellowstone NP,YELL,National Park,Intermountain ,WY,2002,"2,973,677","941,434","66,522,626","531,180","585,859","501,578","75,974","62,670","43,682",0,"15,178"
Yellowstone NP,YELL,National Park,Intermountain ,WY,2002,5,"228,642","80,109","4,539,749","80,109","42,710","20,205","4,909","5,642",838,0,532,Yellowstone NP,YELL,National Park,Intermountain ,WY,2002,"2,973,677","941,434","66,522,626","531,180","585,859","501,578","75,974","62,670","43,682",0,"15,178"
Yellowstone NP,YELL,National Park,Intermountain ,WY,2002,6,"568,144","113,778","13,172,117","113,778","126,955","107,689","11,008","11,350","5,498",0,"2,266",Yellowstone NP,YELL,National Park,Intermountain ,WY,2002,"2,973,677","941,434","66,522,626","531,180","585,859","501,578","75,974","62,670","43,682",0,"15,178"
Yellowstone NP,YELL,National Park,Intermountain ,WY,2002,7,"794,929","142,857","18,438,064","142,857","147,268","163,999","24,221","15,418","14,217",0,"5,666",Yellowstone NP,YELL,National Park,Intermountain ,WY,2002,"2,973,677","941,434","66,522,626","531,180","585,859","501,578","75,974","62,670","43,682",0,"15,178"
Yellowstone NP,YELL,National Park,Intermountain ,WY,2002,8,"663,266","143,395","15,983,198","143,395","139,466","140,787","22,096","12,240","14,094",0,"5,651",Yellowstone NP,YELL,National Park,Intermountain ,WY,2002,"2,973,677","941,434","66,522,626","531,180","585,859","501,578","75,974","62,670","43,682",0,"15,178"
Yellowstone NP,YELL,National Park,Intermountain ,WY,2002,9,"413,960","109,942","9,425,549","109,942","90,419","64,245","10,531","13,338","6,240",0,979,Yellowstone NP,YELL,National Park,Intermountain ,WY,2002,"2,973,677","941,434","66,522,626","531,180","585,859","501,578","75,974","62,670","43,682",0,"15,178"
Yellowstone NP,YELL,National Park,Intermountain ,WY,2002,10,"142,702","58,843","2,325,599","58,843","13,351","4,653","2,390","3,469","1,606",0,80,Yellowstone NP,YELL,National Park,Intermountain ,WY,2002,"2,973,677","941,434","66,522,626","531,180","585,859","501,578","75,974","62,670","43,682",0,"15,178"
Yellowstone NP,YELL,National Park,Intermountain ,WY,2002,11,"11,235","31,925","147,803","31,925",0,0,147,58,336,0,0,Yellowstone NP,YELL,National Park,Intermountain ,WY,2002,"2,973,677","941,434","66,522,626","531,180","585,859","501,578","75,974","62,670","43,682",0,"15,178"
Yellowstone NP,YELL,National Park,Intermountain ,WY,2002,12,"19,123","46,599","352,139","46,599","4,931",0,38,93,49,0,0,Yellowstone NP,YELL,National Park,Intermountain ,WY,2002,"2,973,677","941,434","66,522,626","531,180","585,859","501,578","75,974","62,670","43,682",0,"15,178"
Yellowstone NP,YELL,National Park,Intermountain ,WY,2003,1,"36,387","43,829","601,500","43,829","6,427",0,86,138,218,0,0,Yellowstone NP,YELL,National Park,Intermountain ,WY,2003,"3,019,375","939,836","66,260,453","547,218","559,775","478,854","82,134","69,722","46,087",0,"14,592"
Yellowstone NP,YELL,National Park,Intermountain ,WY,2003,2,"39,494","40,727","710,168","40,727","9,415",0,29,86,313,0,0,Yellowstone NP,YELL,National Park,Intermountain ,WY,2003,"3,019,375","939,836","66,260,453","547,218","559,775","478,854","82,134","69,722","46,087",0,"14,592"
Yellowstone NP,YELL,National Park,Intermountain ,WY,2003,3,"17,718","47,735","255,238","47,735","1,221",0,131,170,254,0,0,Yellowstone NP,YELL,National Park,Intermountain ,WY,2003,"3,019,375","939,836","66,260,453","547,218","559,775","478,854","82,134","69,722","46,087",0,"14,592"
Yellowstone NP,YELL,National Park,Intermountain ,WY,2003,4,"28,877","56,487","387,511","56,487",0,0,653,973,82,0,0,Yellowstone NP,YELL,National Park,Intermountain ,WY,2003,"3,019,375","939,836","66,260,453","547,218","559,775","478,854","82,134","69,722","46,087",0,"14,592"
Yellowstone NP,YELL,National Park,Intermountain ,WY,2003,5,"206,245","75,952","4,230,581","75,952","41,908","19,259","4,918","5,523",927,0,616,Yellowstone NP,YELL,National Park,Intermountain ,WY,2003,"3,019,375","939,836","66,260,453","547,218","559,775","478,854","82,134","69,722","46,087",0,"14,592"
Yellowstone NP,YELL,National Park,Intermountain ,WY,2003,6,"580,919","116,298","13,096,936","116,298","120,460","99,560","14,138","13,402","5,194",0,"2,493",Yellowstone NP,YELL,National Park,Intermountain ,WY,2003,"3,019,375","939,836","66,260,453","547,218","559,775","478,854","82,134","69,722","46,087",0,"14,592"
Yellowstone NP,YELL,National Park,Intermountain ,WY,2003,7,"809,689","156,022","18,388,742","156,022","139,549","162,635","23,773","15,427","15,222",0,"4,747",Yellowstone NP,YELL,National Park,Intermountain ,WY,2003,"3,019,375","939,836","66,260,453","547,218","559,775","478,854","82,134","69,722","46,087",0,"14,592"
Yellowstone NP,YELL,National Park,Intermountain ,WY,2003,8,"698,753","145,844","16,294,043","145,844","137,277","135,627","23,152","13,571","14,908",0,"5,007",Yellowstone NP,YELL,National Park,Intermountain ,WY,2003,"3,019,375","939,836","66,260,453","547,218","559,775","478,854","82,134","69,722","46,087",0,"14,592"
Yellowstone NP,YELL,National Park,Intermountain ,WY,2003,9,"404,498","111,568","9,090,875","111,568","86,780","54,154","12,045","15,299","6,598",0,"1,661",Yellowstone NP,YELL,National Park,Intermountain ,WY,2003,"3,019,375","939,836","66,260,453","547,218","559,775","478,854","82,134","69,722","46,087",0,"14,592"
Yellowstone NP,YELL,National Park,Intermountain ,WY,2003,10,"175,877","74,879","2,822,682","74,879","12,154","7,619","3,094","4,893","1,845",0,68,Yellowstone NP,YELL,National Park,Intermountain ,WY,2003,"3,019,375","939,836","66,260,453","547,218","559,775","478,854","82,134","69,722","46,087",0,"14,592"
Yellowstone NP,YELL,National Park,Intermountain ,WY,2003,11,"7,967","25,466","107,478","25,466",0,0,67,90,338,0,0,Yellowstone NP,YELL,National Park,Intermountain ,WY,2003,"3,019,375","939,836","66,260,453","547,218","559,775","478,854","82,134","69,722","46,087",0,"14,592"
Yellowstone NP,YELL,National Park,Intermountain ,WY,2003,12,"12,951","45,029","274,699","45,029","4,584",0,48,150,188,0,0,Yellowstone NP,YELL,National Park,Intermountain ,WY,2003,"3,019,375","939,836","66,260,453","547,218","559,775","478,854","82,134","69,722","46,087",0,"14,592"
Yellowstone NP,YELL,National Park,Intermountain ,WY,2004,1,"22,817","41,918","414,016","41,918","5,503",0,93,122,125,0,0,Yellowstone NP,YELL,National Park,Intermountain ,WY,2004,"2,868,317","937,479","63,397,708","544,568","560,385","458,690","71,271","65,852","38,270",0,"12,948"
Yellowstone NP,YELL,National Park,Intermountain ,WY,2004,2,"30,030","33,052","565,338","33,052","8,147",0,58,134,202,0,0,Yellowstone NP,YELL,National Park,Intermountain ,WY,2004,"2,868,317","937,479","63,397,708","544,568","560,385","458,690","71,271","65,852","38,270",0,"12,948"
Yellowstone NP,YELL,National Park,Intermountain ,WY,2004,3,"20,187","46,401","297,316","46,401","1,645",0,192,157,301,0,0,Yellowstone NP,YELL,National Park,Intermountain ,WY,2004,"2,868,317","937,479","63,397,708","544,568","560,385","458,690","71,271","65,852","38,270",0,"12,948"
Yellowstone NP,YELL,National Park,Intermountain ,WY,2004,4,"32,434","62,384","423,808","62,384",0,0,595,746,101,0,0,Yellowstone NP,YELL,National Park,Intermountain ,WY,2004,"2,868,317","937,479","63,397,708","544,568","560,385","458,690","71,271","65,852","38,270",0,"12,948"
Yellowstone NP,YELL,National Park,Intermountain ,WY,2004,5,"216,905","80,837","4,077,202","80,837","35,399","16,408","3,530","5,341",389,0,364,Yellowstone NP,YELL,National Park,Intermountain ,WY,2004,"2,868,317","937,479","63,397,708","544,568","560,385","458,690","71,271","65,852","38,270",0,"12,948"
Yellowstone NP,YELL,National Park,Intermountain ,WY,2004,6,"584,925","118,827","13,056,271","118,827","120,738","97,334","14,147","12,234","4,630",0,"2,466",Yellowstone NP,YELL,National Park,Intermountain ,WY,2004,"2,868,317","937,479","63,397,708","544,568","560,385","458,690","71,271","65,852","38,270",0,"12,948"
Yellowstone NP,YELL,National Park,Intermountain ,WY,2004,7,"732,682","154,693","17,257,866","154,693","146,082","152,577","20,538","15,402","13,401",0,"4,738",Yellowstone NP,YELL,National Park,Intermountain ,WY,2004,"2,868,317","937,479","63,397,708","544,568","560,385","458,690","71,271","65,852","38,270",0,"12,948"
Yellowstone NP,YELL,National Park,Intermountain ,WY,2004,8,"657,869","143,539","15,328,588","143,539","133,836","126,747","19,542","13,296","12,332",0,"4,003",Yellowstone NP,YELL,National Park,Intermountain ,WY,2004,"2,868,317","937,479","63,397,708","544,568","560,385","458,690","71,271","65,852","38,270",0,"12,948"
Yellowstone NP,YELL,National Park,Intermountain ,WY,2004,9,"406,327","116,081","9,175,722","116,081","89,145","58,656","10,490","14,330","5,176",0,"1,362",Yellowstone NP,YELL,National Park,Intermountain ,WY,2004,"2,868,317","937,479","63,397,708","544,568","560,385","458,690","71,271","65,852","38,270",0,"12,948"
Yellowstone NP,YELL,National Park,Intermountain ,WY,2004,10,"135,605","61,576","2,337,674","61,576","15,800","6,968","1,830","3,782","1,205",0,15,Yellowstone NP,YELL,National Park,Intermountain ,WY,2004,"2,868,317","937,479","63,397,708","544,568","560,385","458,690","71,271","65,852","38,270",0,"12,948"
Yellowstone NP,YELL,National Park,Intermountain ,WY,2004,11,"13,939","35,582","184,320","35,582",0,0,173,170,368,0,0,Yellowstone NP,YELL,National Park,Intermountain ,WY,2004,"2,868,317","937,479","63,397,708","544,568","560,385","458,690","71,271","65,852","38,270",0,"12,948"
Yellowstone NP,YELL,National Park,Intermountain ,WY,2004,12,"14,597","42,589","279,587","42,589","4,090",0,83,138,40,0,0,Yellowstone NP,YELL,National Park,Intermountain ,WY,2004,"2,868,317","937,479","63,397,708","544,568","560,385","458,690","71,271","65,852","38,270",0,"12,948"
Yellowstone NP,YELL,National Park,Intermountain ,WY,2005,1,"22,297","41,233","403,902","41,233","5,315",0,80,112,174,0,0,Yellowstone NP,YELL,National Park,Intermountain ,WY,2005,"2,835,651","939,978","62,579,911","545,768","526,462","484,130","69,452","64,136","33,974",0,"11,519"
Yellowstone NP,YELL,National Park,Intermountain ,WY,2005,2,"29,018","32,973","546,671","32,973","7,815",0,51,144,259,0,0,Yellowstone NP,YELL,National Park,Intermountain ,WY,2005,"2,835,651","939,978","62,579,911","545,768","526,462","484,130","69,452","64,136","33,974",0,"11,519"
Yellowstone NP,YELL,National Park,Intermountain ,WY,2005,3,"17,324","44,709","248,194","44,709","1,401",0,157,122,0,0,0,Yellowstone NP,YELL,National Park,Intermountain ,WY,2005,"2,835,651","939,978","62,579,911","545,768","526,462","484,130","69,452","64,136","33,974",0,"11,519"
Yellowstone NP,YELL,National Park,Intermountain ,WY,2005,4,"26,116","56,623","348,216","56,623",0,0,458,858,136,0,0,Yellowstone NP,YELL,National Park,Intermountain ,WY,2005,"2,835,651","939,978","62,579,911","545,768","526,462","484,130","69,452","64,136","33,974",0,"11,519"
Yellowstone NP,YELL,National Park,Intermountain ,WY,2005,5,"225,811","83,599","4,097,551","83,599","28,504","18,320","4,224","5,299",906,0,573,Yellowstone NP,YELL,National Park,Intermountain ,WY,2005,"2,835,651","939,978","62,579,911","545,768","526,462","484,130","69,452","64,136","33,974",0,"11,519"
Yellowstone NP,YELL,National Park,Intermountain ,WY,2005,6,"560,014","121,322","12,208,636","121,322","100,977","98,277","12,272","12,426","2,634",0,"2,100",Yellowstone NP,YELL,National Park,Intermountain ,WY,2005,"2,835,651","939,978","62,579,911","545,768","526,462","484,130","69,452","64,136","33,974",0,"11,519"
Yellowstone NP,YELL,National Park,Intermountain ,WY,2005,7,"743,165","162,474","17,798,794","162,474","147,546","169,289","20,947","15,344","12,792",0,"4,116",Yellowstone NP,YELL,National Park,Intermountain ,WY,2005,"2,835,651","939,978","62,579,911","545,768","526,462","484,130","69,452","64,136","33,974",0,"11,519"
Yellowstone NP,YELL,National Park,Intermountain ,WY,2005,8,"647,288","144,944","15,464,462","144,944","136,577","135,208","19,094","12,883","13,228",0,"3,718",Yellowstone NP,YELL,National Park,Intermountain ,WY,2005,"2,835,651","939,978","62,579,911","545,768","526,462","484,130","69,452","64,136","33,974",0,"11,519"
Yellowstone NP,YELL,National Park,Intermountain ,WY,2005,9,"393,362","115,089","8,681,500","115,089","80,714","57,836","10,093","13,437","2,083",0,886,Yellowstone NP,YELL,National Park,Intermountain ,WY,2005,"2,835,651","939,978","62,579,911","545,768","526,462","484,130","69,452","64,136","33,974",0,"11,519"
Yellowstone NP,YELL,National Park,Intermountain ,WY,2005,10,"142,912","61,163","2,315,016","61,163","13,339","5,200","1,862","3,245","1,231",0,126,Yellowstone NP,YELL,National Park,Intermountain ,WY,2005,"2,835,651","939,978","62,579,911","545,768","526,462","484,130","69,452","64,136","33,974",0,"11,519"
Yellowstone NP,YELL,National Park,Intermountain ,WY,2005,11,"11,505","30,246","155,437","30,246",0,0,150,157,417,0,0,Yellowstone NP,YELL,National Park,Intermountain ,WY,2005,"2,835,651","939,978","62,579,911","545,768","526,462","484,130","69,452","64,136","33,974",0,"11,519"
Yellowstone NP,YELL,National Park,Intermountain ,WY,2005,12,"16,839","45,603","311,532","45,603","4,274",0,64,109,114,0,0,Yellowstone NP,YELL,National Park,Intermountain ,WY,2005,"2,835,651","939,978","62,579,911","545,768","526,462","484,130","69,452","64,136","33,974",0,"11,519"
Yellowstone NP,YELL,National Park,Intermountain ,WY,2006,1,"23,989","46,399","442,207","46,399","6,156",0,64,109,99,0,3,Yellowstone NP,YELL,National Park,Intermountain ,WY,2006,"2,870,295","970,572","61,831,455","539,021","541,897","415,306","70,963","62,487","37,276",0,"13,235"
Yellowstone NP,YELL,National Park,Intermountain ,WY,2006,2,"29,011","43,777","560,844","43,777","8,558",0,64,80,161,0,0,Yellowstone NP,YELL,National Park,Intermountain ,WY,2006,"2,870,295","970,572","61,831,455","539,021","541,897","415,306","70,963","62,487","37,276",0,"13,235"
Yellowstone NP,YELL,National Park,Intermountain ,WY,2006,3,"18,879","58,986","271,508","58,986","1,310",0,173,109,282,0,0,Yellowstone NP,YELL,National Park,Intermountain ,WY,2006,"2,870,295","970,572","61,831,455","539,021","541,897","415,306","70,963","62,487","37,276",0,"13,235"
Yellowstone NP,YELL,National Park,Intermountain ,WY,2006,4,"29,381","49,042","386,068","49,042",0,0,579,746,71,0,0,Yellowstone NP,YELL,National Park,Intermountain ,WY,2006,"2,870,295","970,572","61,831,455","539,021","541,897","415,306","70,963","62,487","37,276",0,"13,235"
Yellowstone NP,YELL,National Park,Intermountain ,WY,2006,5,"230,762","80,912","4,132,933","80,912","30,024","15,388","5,002","5,613",717,0,81,Yellowstone NP,YELL,National Park,Intermountain ,WY,2006,"2,870,295","970,572","61,831,455","539,021","541,897","415,306","70,963","62,487","37,276",0,"13,235"
Yellowstone NP,YELL,National Park,Intermountain ,WY,2006,6,"557,213","116,313","12,056,885","116,313","105,429","85,328","14,246","12,650","4,069",0,"2,042",Yellowstone NP,YELL,National Park,Intermountain ,WY,2006,"2,870,295","970,572","61,831,455","539,021","541,897","415,306","70,963","62,487","37,276",0,"13,235"
Yellowstone NP,YELL,National Park,Intermountain ,WY,2006,7,"738,807","159,583","16,878,655","159,583","140,506","141,970","19,808","14,291","12,074",0,"5,224",Yellowstone NP,YELL,National Park,Intermountain ,WY,2006,"2,870,295","970,572","61,831,455","539,021","541,897","415,306","70,963","62,487","37,276",0,"13,235"
Yellowstone NP,YELL,National Park,Intermountain ,WY,2006,8,"635,666","144,287","14,759,779","144,287","134,762","114,574","19,376","11,648","12,542",0,"4,256",Yellowstone NP,YELL,National Park,Intermountain ,WY,2006,"2,870,295","970,572","61,831,455","539,021","541,897","415,306","70,963","62,487","37,276",0,"13,235"
Yellowstone NP,YELL,National Park,Intermountain ,WY,2006,9,"428,369","104,877","9,393,316","104,877","94,794","51,867","9,731","13,498","5,713",0,"1,601",Yellowstone NP,YELL,National Park,Intermountain ,WY,2006,"2,870,295","970,572","61,831,455","539,021","541,897","415,306","70,963","62,487","37,276",0,"13,235"
Yellowstone NP,YELL,National Park,Intermountain ,WY,2006,10,"146,790","71,859","2,448,296","71,859","16,065","6,179","1,811","3,475","1,059",0,28,Yellowstone NP,YELL,National Park,Intermountain ,WY,2006,"2,870,295","970,572","61,831,455","539,021","541,897","415,306","70,963","62,487","37,276",0,"13,235"
Yellowstone NP,YELL,National Park,Intermountain ,WY,2006,11,"12,382","47,429","164,460","47,429",0,0,67,134,460,0,0,Yellowstone NP,YELL,National Park,Intermountain ,WY,2006,"2,870,295","970,572","61,831,455","539,021","541,897","415,306","70,963","62,487","37,276",0,"13,235"
Yellowstone NP,YELL,National Park,Intermountain ,WY,2006,12,"19,046","47,108","336,504","47,108","4,293",0,42,134,29,0,0,Yellowstone NP,YELL,National Park,Intermountain ,WY,2006,"2,870,295","970,572","61,831,455","539,021","541,897","415,306","70,963","62,487","37,276",0,"13,235"
Yellowstone NP,YELL,National Park,Intermountain ,WY,2007,1,"25,476","48,266","499,741","48,266","7,799",0,32,45,209,0,0,Yellowstone NP,YELL,National Park,Intermountain ,WY,2007,"3,151,343","991,117","68,719,503","546,469","555,290","536,112","77,754","66,632","38,040",0,"13,817"
Yellowstone NP,YELL,National Park,Intermountain ,WY,2007,2,"30,928","47,245","608,659","47,245","9,585",0,64,61,187,0,0,Yellowstone NP,YELL,National Park,Intermountain ,WY,2007,"3,151,343","991,117","68,719,503","546,469","555,290","536,112","77,754","66,632","38,040",0,"13,817"
Yellowstone NP,YELL,National Park,Intermountain ,WY,2007,3,"20,225","59,516","293,906","59,516","1,514",0,256,186,178,0,0,Yellowstone NP,YELL,National Park,Intermountain ,WY,2007,"3,151,343","991,117","68,719,503","546,469","555,290","536,112","77,754","66,632","38,040",0,"13,817"
Yellowstone NP,YELL,National Park,Intermountain ,WY,2007,4,"27,798","53,939","375,331","53,939",0,0,605,941,194,0,0,Yellowstone NP,YELL,National Park,Intermountain ,WY,2007,"3,151,343","991,117","68,719,503","546,469","555,290","536,112","77,754","66,632","38,040",0,"13,817"
Yellowstone NP,YELL,National Park,Intermountain ,WY,2007,5,"264,203","83,728","5,073,676","83,728","43,388","26,585","3,085","4,592","1,196",0,456,Yellowstone NP,YELL,National Park,Intermountain ,WY,2007,"3,151,343","991,117","68,719,503","546,469","555,290","536,112","77,754","66,632","38,040",0,"13,817"
Yellowstone NP,YELL,National Park,Intermountain ,WY,2007,6,"609,606","121,980","13,945,617","121,980","123,311","117,676","14,643","13,469","4,283",0,"2,883",Yellowstone NP,YELL,National Park,Intermountain ,WY,2007,"3,151,343","991,117","68,719,503","546,469","555,290","536,112","77,754","66,632","38,040",0,"13,817"
Yellowstone NP,YELL,National Park,Intermountain ,WY,2007,7,"822,773","161,896","18,777,421","161,896","143,633","171,555","23,850","15,357","11,890",0,"4,722",Yellowstone NP,YELL,National Park,Intermountain ,WY,2007,"3,151,343","991,117","68,719,503","546,469","555,290","536,112","77,754","66,632","38,040",0,"13,817"
Yellowstone NP,YELL,National Park,Intermountain ,WY,2007,8,"710,781","143,225","16,297,112","143,225","130,750","141,740","20,768","13,389","12,694",0,"4,315",Yellowstone NP,YELL,National Park,Intermountain ,WY,2007,"3,151,343","991,117","68,719,503","546,469","555,290","536,112","77,754","66,632","38,040",0,"13,817"
Yellowstone NP,YELL,National Park,Intermountain ,WY,2007,9,"463,994","107,258","10,009,262","107,258","77,861","72,508","12,246","15,446","5,553",0,"1,441",Yellowstone NP,YELL,National Park,Intermountain ,WY,2007,"3,151,343","991,117","68,719,503","546,469","555,290","536,112","77,754","66,632","38,040",0,"13,817"
Yellowstone NP,YELL,National Park,Intermountain ,WY,2007,10,"139,789","70,838","2,261,483","70,838","12,408","6,048","1,891","2,864","1,123",0,0,Yellowstone NP,YELL,National Park,Intermountain ,WY,2007,"3,151,343","991,117","68,719,503","546,469","555,290","536,112","77,754","66,632","38,040",0,"13,817"
Yellowstone NP,YELL,National Park,Intermountain ,WY,2007,11,"15,362","48,849","206,578","48,849",0,0,253,218,456,0,0,Yellowstone NP,YELL,National Park,Intermountain ,WY,2007,"3,151,343","991,117","68,719,503","546,469","555,290","536,112","77,754","66,632","38,040",0,"13,817"
Yellowstone NP,YELL,National Park,Intermountain ,WY,2007,12,"20,408","44,377","370,717","44,377","5,041",0,61,64,77,0,0,Yellowstone NP,YELL,National Park,Intermountain ,WY,2007,"3,151,343","991,117","68,719,503","546,469","555,290","536,112","77,754","66,632","38,040",0,"13,817"
Yellowstone NP,YELL,National Park,Intermountain ,WY,2008,1,"26,864","45,794","550,571","45,794","9,317",0,38,51,102,0,0,Yellowstone NP,YELL,National Park,Intermountain ,WY,2008,"3,066,580","878,550","65,459,417","498,490","570,623","434,117","78,035","57,879","39,603",0,"13,930"
Yellowstone NP,YELL,National Park,Intermountain ,WY,2008,2,"33,557","49,901","673,898","49,901","10,919",0,70,131,180,0,0,Yellowstone NP,YELL,National Park,Intermountain ,WY,2008,"3,066,580","878,550","65,459,417","498,490","570,623","434,117","78,035","57,879","39,603",0,"13,930"
Yellowstone NP,YELL,National Park,Intermountain ,WY,2008,3,"19,147","54,311","266,875","54,311","1,255",0,102,80,109,0,0,Yellowstone NP,YELL,National Park,Intermountain ,WY,2008,"3,066,580","878,550","65,459,417","498,490","570,623","434,117","78,035","57,879","39,603",0,"13,930"
Yellowstone NP,YELL,National Park,Intermountain ,WY,2008,4,"24,433","47,087","313,430","47,087",0,0,301,355,187,0,0,Yellowstone NP,YELL,National Park,Intermountain ,WY,2008,"3,066,580","878,550","65,459,417","498,490","570,623","434,117","78,035","57,879","39,603",0,"13,930"
Yellowstone NP,YELL,National Park,Intermountain ,WY,2008,5,"217,938","75,635","4,391,950","75,635","44,852","19,882","3,754","4,061",761,0,719,Yellowstone NP,YELL,National Park,Intermountain ,WY,2008,"3,066,580","878,550","65,459,417","498,490","570,623","434,117","78,035","57,879","39,603",0,"13,930"
Yellowstone NP,YELL,National Park,Intermountain ,WY,2008,6,"593,405","115,186","13,020,091","115,186","118,825","95,929","13,792","10,896","4,069",0,"2,290",Yellowstone NP,YELL,National Park,Intermountain ,WY,2008,"3,066,580","878,550","65,459,417","498,490","570,623","434,117","78,035","57,879","39,603",0,"13,930"
Yellowstone NP,YELL,National Park,Intermountain ,WY,2008,7,"808,110","161,547","17,763,421","161,547","136,821","144,567","23,158","13,194","13,146",0,"5,202",Yellowstone NP,YELL,National Park,Intermountain ,WY,2008,"3,066,580","878,550","65,459,417","498,490","570,623","434,117","78,035","57,879","39,603",0,"13,930"
Yellowstone NP,YELL,National Park,Intermountain ,WY,2008,8,"731,063","110,312","16,166,773","110,312","135,275","120,805","22,410","12,045","13,639",0,"3,911",Yellowstone NP,YELL,National Park,Intermountain ,WY,2008,"3,066,580","878,550","65,459,417","498,490","570,623","434,117","78,035","57,879","39,603",0,"13,930"
Yellowstone NP,YELL,National Park,Intermountain ,WY,2008,9,"437,552","87,906","9,498,226","87,906","95,559","47,056","12,506","14,083","5,972",0,"1,808",Yellowstone NP,YELL,National Park,Intermountain ,WY,2008,"3,066,580","878,550","65,459,417","498,490","570,623","434,117","78,035","57,879","39,603",0,"13,930"
Yellowstone NP,YELL,National Park,Intermountain ,WY,2008,10,"145,488","56,180","2,330,875","56,180","13,045","5,878","1,693","2,765",995,0,0,Yellowstone NP,YELL,National Park,Intermountain ,WY,2008,"3,066,580","878,550","65,459,417","498,490","570,623","434,117","78,035","57,879","39,603",0,"13,930"
Yellowstone NP,YELL,National Park,Intermountain ,WY,2008,11,"12,671","39,497","168,779","39,497",0,0,147,176,374,0,0,Yellowstone NP,YELL,National Park,Intermountain ,WY,2008,"3,066,580","878,550","65,459,417","498,490","570,623","434,117","78,035","57,879","39,603",0,"13,930"
Yellowstone NP,YELL,National Park,Intermountain ,WY,2008,12,"16,352","35,194","314,528","35,194","4,755",0,64,42,69,0,0,Yellowstone NP,YELL,National Park,Intermountain ,WY,2008,"3,066,580","878,550","65,459,417","498,490","570,623","434,117","78,035","57,879","39,603",0,"13,930"
Yellowstone NP,YELL,National Park,Intermountain ,WY,2009,1,"24,770","38,746","490,442","38,746","7,767",0,74,122,88,0,0,Yellowstone NP,YELL,National Park,Intermountain ,WY,2009,"3,295,187","856,988","70,157,772","486,113","564,911","509,377","83,465","64,637","39,736",0,"13,521"
Yellowstone NP,YELL,National Park,Intermountain ,WY,2009,2,"28,355","40,205","571,705","40,205","9,354",0,51,115,123,0,0,Yellowstone NP,YELL,National Park,Intermountain ,WY,2009,"3,295,187","856,988","70,157,772","486,113","564,911","509,377","83,465","64,637","39,736",0,"13,521"
Yellowstone NP,YELL,National Park,Intermountain ,WY,2009,3,"17,317","43,861","249,932","43,861","1,214",0,166,115,260,0,0,Yellowstone NP,YELL,National Park,Intermountain ,WY,2009,"3,295,187","856,988","70,157,772","486,113","564,911","509,377","83,465","64,637","39,736",0,"13,521"
Yellowstone NP,YELL,National Park,Intermountain ,WY,2009,4,"24,831","39,774","325,850","39,774",0,0,496,666,0,0,0,Yellowstone NP,YELL,National Park,Intermountain ,WY,2009,"3,295,187","856,988","70,157,772","486,113","564,911","509,377","83,465","64,637","39,736",0,"13,521"
Yellowstone NP,YELL,National Park,Intermountain ,WY,2009,5,"261,763","70,051","4,628,276","70,051","34,137","21,049","3,171","2,163",733,0,710,Yellowstone NP,YELL,National Park,Intermountain ,WY,2009,"3,295,187","856,988","70,157,772","486,113","564,911","509,377","83,465","64,637","39,736",0,"13,521"
Yellowstone NP,YELL,National Park,Intermountain ,WY,2009,6,"643,844","106,283","13,687,639","106,283","119,696","94,566","14,701","13,229","4,076",0,"2,129",Yellowstone NP,YELL,National Park,Intermountain ,WY,2009,"3,295,187","856,988","70,157,772","486,113","564,911","509,377","83,465","64,637","39,736",0,"13,521"
Yellowstone NP,YELL,National Park,Intermountain ,WY,2009,7,"900,515","143,668","19,570,496","143,668","139,691","166,379","25,680","15,635","12,381",0,"5,414",Yellowstone NP,YELL,National Park,Intermountain ,WY,2009,"3,295,187","856,988","70,157,772","486,113","564,911","509,377","83,465","64,637","39,736",0,"13,521"
Yellowstone NP,YELL,National Park,Intermountain ,WY,2009,8,"752,983","134,589","17,176,961","134,589","137,914","146,534","23,325","13,523","13,981",0,"3,938",Yellowstone NP,YELL,National Park,Intermountain ,WY,2009,"3,295,187","856,988","70,157,772","486,113","564,911","509,377","83,465","64,637","39,736",0,"13,521"
Yellowstone NP,YELL,National Park,Intermountain ,WY,2009,9,"489,438","107,735","11,042,236","107,735","98,539","77,828","14,198","16,755","6,811",0,"1,242",Yellowstone NP,YELL,National Park,Intermountain ,WY,2009,"3,295,187","856,988","70,157,772","486,113","564,911","509,377","83,465","64,637","39,736",0,"13,521"
Yellowstone NP,YELL,National Park,Intermountain ,WY,2009,10,"123,867","59,541","1,952,213","59,541","12,215","3,021","1,414","1,898",773,0,88,Yellowstone NP,YELL,National Park,Intermountain ,WY,2009,"3,295,187","856,988","70,157,772","486,113","564,911","509,377","83,465","64,637","39,736",0,"13,521"
Yellowstone NP,YELL,National Park,Intermountain ,WY,2009,11,"9,397","37,631","132,068","37,631",0,0,138,253,414,0,0,Yellowstone NP,YELL,National Park,Intermountain ,WY,2009,"3,295,187","856,988","70,157,772","486,113","564,911","509,377","83,465","64,637","39,736",0,"13,521"
Yellowstone NP,YELL,National Park,Intermountain ,WY,2009,12,"18,107","34,904","329,954","34,904","4,384",0,51,163,96,0,0,Yellowstone NP,YELL,National Park,Intermountain ,WY,2009,"3,295,187","856,988","70,157,772","486,113","564,911","509,377","83,465","64,637","39,736",0,"13,521"
Yellowstone NP,YELL,National Park,Intermountain ,WY,2010,1,"25,595","35,517","494,333","35,517","7,485",0,99,118,97,0,0,Yellowstone NP,YELL,National Park,Intermountain ,WY,2010,"3,640,185","912,663","75,033,809","510,940","575,313","512,665","87,580","69,825","45,045",0,"15,890"
Yellowstone NP,YELL,National Park,Intermountain ,WY,2010,2,"29,108","38,259","479,138","38,259","4,908",0,138,122,243,0,0,Yellowstone NP,YELL,National Park,Intermountain ,WY,2010,"3,640,185","912,663","75,033,809","510,940","575,313","512,665","87,580","69,825","45,045",0,"15,890"
Yellowstone NP,YELL,National Park,Intermountain ,WY,2010,3,"21,028","45,714","297,914","45,714","1,287",0,326,173,113,0,0,Yellowstone NP,YELL,National Park,Intermountain ,WY,2010,"3,640,185","912,663","75,033,809","510,940","575,313","512,665","87,580","69,825","45,045",0,"15,890"
Yellowstone NP,YELL,National Park,Intermountain ,WY,2010,4,"32,763","41,744","437,299","41,744",0,0,736,"1,046",57,0,0,Yellowstone NP,YELL,National Park,Intermountain ,WY,2010,"3,640,185","912,663","75,033,809","510,940","575,313","512,665","87,580","69,825","45,045",0,"15,890"
Yellowstone NP,YELL,National Park,Intermountain ,WY,2010,5,"250,445","69,977","4,326,772","69,977","26,511","17,174","4,416","5,709",808,0,442,Yellowstone NP,YELL,National Park,Intermountain ,WY,2010,"3,640,185","912,663","75,033,809","510,940","575,313","512,665","87,580","69,825","45,045",0,"15,890"
Yellowstone NP,YELL,National Park,Intermountain ,WY,2010,6,"694,841","110,762","14,810,989","110,762","129,516","104,680","15,027","13,696","4,324",0,"2,461",Yellowstone NP,YELL,National Park,Intermountain ,WY,2010,"3,640,185","912,663","75,033,809","510,940","575,313","512,665","87,580","69,825","45,045",0,"15,890"
Yellowstone NP,YELL,National Park,Intermountain ,WY,2010,7,"957,785","160,239","19,994,405","160,239","128,343","162,261","26,214","15,485","15,482",0,"6,423",Yellowstone NP,YELL,National Park,Intermountain ,WY,2010,"3,640,185","912,663","75,033,809","510,940","575,313","512,665","87,580","69,825","45,045",0,"15,890"
Yellowstone NP,YELL,National Park,Intermountain ,WY,2010,8,"854,837","149,224","18,209,719","149,224","128,828","144,802","24,275","13,245","14,948",0,"5,222",Yellowstone NP,YELL,National Park,Intermountain ,WY,2010,"3,640,185","912,663","75,033,809","510,940","575,313","512,665","87,580","69,825","45,045",0,"15,890"
Yellowstone NP,YELL,National Park,Intermountain ,WY,2010,9,"550,504","113,247","12,324,701","113,247","127,564","73,249","13,280","15,597","7,344",0,"1,244",Yellowstone NP,YELL,National Park,Intermountain ,WY,2010,"3,640,185","912,663","75,033,809","510,940","575,313","512,665","87,580","69,825","45,045",0,"15,890"
Yellowstone NP,YELL,National Park,Intermountain ,WY,2010,10,"189,072","73,263","3,173,570","73,263","18,959","10,499","2,771","4,266","1,103",0,98,Yellowstone NP,YELL,National Park,Intermountain ,WY,2010,"3,640,185","912,663","75,033,809","510,940","575,313","512,665","87,580","69,825","45,045",0,"15,890"
Yellowstone NP,YELL,National Park,Intermountain ,WY,2010,11,"16,819","33,819","224,652","33,819",0,0,205,291,455,0,0,Yellowstone NP,YELL,National Park,Intermountain ,WY,2010,"3,640,185","912,663","75,033,809","510,940","575,313","512,665","87,580","69,825","45,045",0,"15,890"
Yellowstone NP,YELL,National Park,Intermountain ,WY,2010,12,"17,388","40,898","260,317","40,898","1,912",0,93,77,71,0,0,Yellowstone NP,YELL,National Park,Intermountain ,WY,2010,"3,640,185","912,663","75,033,809","510,940","575,313","512,665","87,580","69,825","45,045",0,"15,890"
Yellowstone NP,YELL,National Park,Intermountain ,WY,2011,1,"24,517","44,257","404,406","44,257","4,414",0,42,86,50,0,0,Yellowstone NP,YELL,National Park,Intermountain ,WY,2011,"3,394,326","975,516","71,475,307","573,237","591,101","498,037","79,585","60,168","37,292",0,"14,795"
Yellowstone NP,YELL,National Park,Intermountain ,WY,2011,2,"28,174","44,203","465,973","44,203","4,815",0,61,96,357,0,0,Yellowstone NP,YELL,National Park,Intermountain ,WY,2011,"3,394,326","975,516","71,475,307","573,237","591,101","498,037","79,585","60,168","37,292",0,"14,795"
Yellowstone NP,YELL,National Park,Intermountain ,WY,2011,3,"18,728","49,218","273,922","49,218","1,617",0,112,182,138,0,0,Yellowstone NP,YELL,National Park,Intermountain ,WY,2011,"3,394,326","975,516","71,475,307","573,237","591,101","498,037","79,585","60,168","37,292",0,"14,795"
Yellowstone NP,YELL,National Park,Intermountain ,WY,2011,4,"28,147","46,305","367,702","46,305",0,0,525,634,89,0,0,Yellowstone NP,YELL,National Park,Intermountain ,WY,2011,"3,394,326","975,516","71,475,307","573,237","591,101","498,037","79,585","60,168","37,292",0,"14,795"
Yellowstone NP,YELL,National Park,Intermountain ,WY,2011,5,"207,842","73,474","3,618,816","73,474","26,558","12,037","2,874","4,381",580,0,434,Yellowstone NP,YELL,National Park,Intermountain ,WY,2011,"3,394,326","975,516","71,475,307","573,237","591,101","498,037","79,585","60,168","37,292",0,"14,795"
Yellowstone NP,YELL,National Park,Intermountain ,WY,2011,6,"634,316","115,668","13,647,127","115,668","133,143","92,947","10,922","9,053","3,228",0,"2,180",Yellowstone NP,YELL,National Park,Intermountain ,WY,2011,"3,394,326","975,516","71,475,307","573,237","591,101","498,037","79,585","60,168","37,292",0,"14,795"
Yellowstone NP,YELL,National Park,Intermountain ,WY,2011,7,"906,935","165,359","19,366,419","165,359","133,835","163,147","24,909","14,346","11,107",0,"6,123",Yellowstone NP,YELL,National Park,Intermountain ,WY,2011,"3,394,326","975,516","71,475,307","573,237","591,101","498,037","79,585","60,168","37,292",0,"14,795"
Yellowstone NP,YELL,National Park,Intermountain ,WY,2011,8,"805,173","152,747","17,643,822","152,747","130,668","145,482","24,922","13,034","13,875",0,"4,592",Yellowstone NP,YELL,National Park,Intermountain ,WY,2011,"3,394,326","975,516","71,475,307","573,237","591,101","498,037","79,585","60,168","37,292",0,"14,795"
Yellowstone NP,YELL,National Park,Intermountain ,WY,2011,9,"536,349","116,015","12,359,066","116,015","133,167","77,563","13,462","14,803","6,488",0,"1,303",Yellowstone NP,YELL,National Park,Intermountain ,WY,2011,"3,394,326","975,516","71,475,307","573,237","591,101","498,037","79,585","60,168","37,292",0,"14,795"
Yellowstone NP,YELL,National Park,Intermountain ,WY,2011,10,"175,433","73,470","2,858,410","73,470","18,673","6,861","1,571","3,229",887,0,163,Yellowstone NP,YELL,National Park,Intermountain ,WY,2011,"3,394,326","975,516","71,475,307","573,237","591,101","498,037","79,585","60,168","37,292",0,"14,795"
Yellowstone NP,YELL,National Park,Intermountain ,WY,2011,11,"12,198","47,110","165,902","47,110",0,0,131,266,417,0,0,Yellowstone NP,YELL,National Park,Intermountain ,WY,2011,"3,394,326","975,516","71,475,307","573,237","591,101","498,037","79,585","60,168","37,292",0,"14,795"
Yellowstone NP,YELL,National Park,Intermountain ,WY,2011,12,"16,514","47,690","303,742","47,690","4,211",0,54,58,76,0,0,Yellowstone NP,YELL,National Park,Intermountain ,WY,2011,"3,394,326","975,516","71,475,307","573,237","591,101","498,037","79,585","60,168","37,292",0,"14,795"
Yellowstone NP,YELL,National Park,Intermountain ,WY,2012,1,"24,766","44,920","513,880","44,920","8,819",0,32,109,69,0,0,Yellowstone NP,YELL,National Park,Intermountain ,WY,2012,"3,447,729","1,010,045","73,778,317","629,979","612,163","532,127","89,249","64,463","40,460",0,"11,774"
Yellowstone NP,YELL,National Park,Intermountain ,WY,2012,2,"27,752","48,614","570,034","48,614","9,479",0,77,138,182,0,0,Yellowstone NP,YELL,National Park,Intermountain ,WY,2012,"3,447,729","1,010,045","73,778,317","629,979","612,163","532,127","89,249","64,463","40,460",0,"11,774"
Yellowstone NP,YELL,National Park,Intermountain ,WY,2012,3,"20,248","54,639","338,237","54,639","3,278",0,266,218,208,0,0,Yellowstone NP,YELL,National Park,Intermountain ,WY,2012,"3,447,729","1,010,045","73,778,317","629,979","612,163","532,127","89,249","64,463","40,460",0,"11,774"
Yellowstone NP,YELL,National Park,Intermountain ,WY,2012,4,"29,056","53,529","390,745","53,529",0,0,819,890,44,0,0,Yellowstone NP,YELL,National Park,Intermountain ,WY,2012,"3,447,729","1,010,045","73,778,317","629,979","612,163","532,127","89,249","64,463","40,460",0,"11,774"
Yellowstone NP,YELL,National Park,Intermountain ,WY,2012,5,"268,251","83,610","4,521,047","83,610","24,581","18,584","4,637","5,242",836,0,372,Yellowstone NP,YELL,National Park,Intermountain ,WY,2012,"3,447,729","1,010,045","73,778,317","629,979","612,163","532,127","89,249","64,463","40,460",0,"11,774"
Yellowstone NP,YELL,National Park,Intermountain ,WY,2012,6,"671,825","119,945","14,995,224","119,945","137,021","114,622","16,723","13,725","4,348",0,"2,450",Yellowstone NP,YELL,National Park,Intermountain ,WY,2012,"3,447,729","1,010,045","73,778,317","629,979","612,163","532,127","89,249","64,463","40,460",0,"11,774"
Yellowstone NP,YELL,National Park,Intermountain ,WY,2012,7,"888,335","170,594","19,151,968","170,594","130,356","164,885","27,469","14,118","12,610",0,"4,393",Yellowstone NP,YELL,National Park,Intermountain ,WY,2012,"3,447,729","1,010,045","73,778,317","629,979","612,163","532,127","89,249","64,463","40,460",0,"11,774"
Yellowstone NP,YELL,National Park,Intermountain ,WY,2012,8,"780,286","151,443","17,381,451","151,443","130,114","147,648","25,478","13,242","14,149",0,"3,453",Yellowstone NP,YELL,National Park,Intermountain ,WY,2012,"3,447,729","1,010,045","73,778,317","629,979","612,163","532,127","89,249","64,463","40,460",0,"11,774"
Yellowstone NP,YELL,National Park,Intermountain ,WY,2012,9,"527,610","115,223","12,338,342","115,223","139,040","78,791","11,539","13,210","6,663",0,"1,050",Yellowstone NP,YELL,National Park,Intermountain ,WY,2012,"3,447,729","1,010,045","73,778,317","629,979","612,163","532,127","89,249","64,463","40,460",0,"11,774"
Yellowstone NP,YELL,National Park,Intermountain ,WY,2012,10,"177,069","74,654","3,088,786","74,654","26,535","7,597","1,898","3,126",953,0,56,Yellowstone NP,YELL,National Park,Intermountain ,WY,2012,"3,447,729","1,010,045","73,778,317","629,979","612,163","532,127","89,249","64,463","40,460",0,"11,774"
Yellowstone NP,YELL,National Park,Intermountain ,WY,2012,11,"14,059","47,210","188,860","47,210",0,0,189,336,315,0,0,Yellowstone NP,YELL,National Park,Intermountain ,WY,2012,"3,447,729","1,010,045","73,778,317","629,979","612,163","532,127","89,249","64,463","40,460",0,"11,774"
Yellowstone NP,YELL,National Park,Intermountain ,WY,2012,12,"18,472","45,664","299,743","45,664","2,940",0,122,109,83,0,0,Yellowstone NP,YELL,National Park,Intermountain ,WY,2012,"3,447,729","1,010,045","73,778,317","629,979","612,163","532,127","89,249","64,463","40,460",0,"11,774"
Yellowstone NP,YELL,National Park,Intermountain ,WY,2013,1,"24,699","47,731","525,917","47,731","9,235",0,64,202,63,0,0,Yellowstone NP,YELL,National Park,Intermountain ,WY,2013,"3,188,030","1,049,554","70,261,725","652,148","595,841","532,895","88,762","63,897","40,623",0,"11,537"
Yellowstone NP,YELL,National Park,Intermountain ,WY,2013,2,"31,053","51,212","630,998","51,212","10,375",0,58,118,214,0,0,Yellowstone NP,YELL,National Park,Intermountain ,WY,2013,"3,188,030","1,049,554","70,261,725","652,148","595,841","532,895","88,762","63,897","40,623",0,"11,537"
Yellowstone NP,YELL,National Park,Intermountain ,WY,2013,3,"18,613","58,343","339,324","58,343","4,050",0,170,262,350,0,0,Yellowstone NP,YELL,National Park,Intermountain ,WY,2013,"3,188,030","1,049,554","70,261,725","652,148","595,841","532,895","88,762","63,897","40,623",0,"11,537"
Yellowstone NP,YELL,National Park,Intermountain ,WY,2013,4,"24,606","53,049","324,187","53,049",0,0,448,698,59,0,0,Yellowstone NP,YELL,National Park,Intermountain ,WY,2013,"3,188,030","1,049,554","70,261,725","652,148","595,841","532,895","88,762","63,897","40,623",0,"11,537"
Yellowstone NP,YELL,National Park,Intermountain ,WY,2013,5,"293,250","88,620","4,924,949","88,620","24,229","22,862","4,298","5,990",820,0,382,Yellowstone NP,YELL,National Park,Intermountain ,WY,2013,"3,188,030","1,049,554","70,261,725","652,148","595,841","532,895","88,762","63,897","40,623",0,"11,537"
Yellowstone NP,YELL,National Park,Intermountain ,WY,2013,6,"624,429","131,010","14,479,284","131,010","134,777","120,024","16,403","12,742","5,052",0,"2,090",Yellowstone NP,YELL,National Park,Intermountain ,WY,2013,"3,188,030","1,049,554","70,261,725","652,148","595,841","532,895","88,762","63,897","40,623",0,"11,537"
Yellowstone NP,YELL,National Park,Intermountain ,WY,2013,7,"812,212","174,379","18,171,085","174,379","129,011","163,096","27,776","13,827","13,170",0,"4,142",Yellowstone NP,YELL,National Park,Intermountain ,WY,2013,"3,188,030","1,049,554","70,261,725","652,148","595,841","532,895","88,762","63,897","40,623",0,"11,537"
Yellowstone NP,YELL,National Park,Intermountain ,WY,2013,8,"725,136","160,123","16,808,297","160,123","129,827","151,418","25,741","12,989","13,768",0,"4,035",Yellowstone NP,YELL,National Park,Intermountain ,WY,2013,"3,188,030","1,049,554","70,261,725","652,148","595,841","532,895","88,762","63,897","40,623",0,"11,537"
Yellowstone NP,YELL,National Park,Intermountain ,WY,2013,9,"557,925","117,848","12,722,814","117,848","139,933","75,181","12,931","15,958","6,263",0,888,Yellowstone NP,YELL,National Park,Intermountain ,WY,2013,"3,188,030","1,049,554","70,261,725","652,148","595,841","532,895","88,762","63,897","40,623",0,"11,537"
Yellowstone NP,YELL,National Park,Intermountain ,WY,2013,10,"47,560","71,074","911,189","71,074","11,928",314,685,858,402,0,0,Yellowstone NP,YELL,National Park,Intermountain ,WY,2013,"3,188,030","1,049,554","70,261,725","652,148","595,841","532,895","88,762","63,897","40,623",0,"11,537"
Yellowstone NP,YELL,National Park,Intermountain ,WY,2013,11,"11,169","49,078","151,627","49,078",0,0,134,189,410,0,0,Yellowstone NP,YELL,National Park,Intermountain ,WY,2013,"3,188,030","1,049,554","70,261,725","652,148","595,841","532,895","88,762","63,897","40,623",0,"11,537"
Yellowstone NP,YELL,National Park,Intermountain ,WY,2013,12,"17,378","47,087","272,054","47,087","2,476",0,54,64,52,0,0,Yellowstone NP,YELL,National Park,Intermountain ,WY,2013,"3,188,030","1,049,554","70,261,725","652,148","595,841","532,895","88,762","63,897","40,623",0,"11,537"
Yellowstone NP,YELL,National Park,Intermountain ,WY,2014,1,"26,778","50,564","583,090","50,564","10,616",0,42,170,79,0,0,Yellowstone NP,YELL,National Park,Intermountain ,WY,2014,"3,513,484","1,057,554","73,680,075","665,233","560,372","539,461","86,281","77,383","41,243",0,"8,519"
Yellowstone NP,YELL,National Park,Intermountain ,WY,2014,2,"28,233","48,265","604,488","48,265","10,867",0,32,70,101,0,0,Yellowstone NP,YELL,National Park,Intermountain ,WY,2014,"3,513,484","1,057,554","73,680,075","665,233","560,372","539,461","86,281","77,383","41,243",0,"8,519"
Yellowstone NP,YELL,National Park,Intermountain ,WY,2014,3,"18,778","56,798","331,246","56,798","3,820",0,147,189,257,0,0,Yellowstone NP,YELL,National Park,Intermountain ,WY,2014,"3,513,484","1,057,554","73,680,075","665,233","560,372","539,461","86,281","77,383","41,243",0,"8,519"
Yellowstone NP,YELL,National Park,Intermountain ,WY,2014,4,"31,356","54,533","418,838","54,533",0,0,566,"1,104",103,0,0,Yellowstone NP,YELL,National Park,Intermountain ,WY,2014,"3,513,484","1,057,554","73,680,075","665,233","560,372","539,461","86,281","77,383","41,243",0,"8,519"
Yellowstone NP,YELL,National Park,Intermountain ,WY,2014,5,"310,039","86,304","5,159,904","86,304","23,858","25,198","4,294","5,405","1,091",0,130,Yellowstone NP,YELL,National Park,Intermountain ,WY,2014,"3,513,484","1,057,554","73,680,075","665,233","560,372","539,461","86,281","77,383","41,243",0,"8,519"
Yellowstone NP,YELL,National Park,Intermountain ,WY,2014,6,"669,642","131,003","14,446,534","131,003","116,705","115,742","15,702","13,043","4,708",0,"1,217",Yellowstone NP,YELL,National Park,Intermountain ,WY,2014,"3,513,484","1,057,554","73,680,075","665,233","560,372","539,461","86,281","77,383","41,243",0,"8,519"
Yellowstone NP,YELL,National Park,Intermountain ,WY,2014,7,"858,856","173,738","18,618,419","173,738","113,801","162,564","27,123","24,973","14,228",0,"3,650",Yellowstone NP,YELL,National Park,Intermountain ,WY,2014,"3,513,484","1,057,554","73,680,075","665,233","560,372","539,461","86,281","77,383","41,243",0,"8,519"
Yellowstone NP,YELL,National Park,Intermountain ,WY,2014,8,"773,357","159,471","16,911,503","159,471","114,125","152,059","23,434","12,429","13,000",0,"2,921",Yellowstone NP,YELL,National Park,Intermountain ,WY,2014,"3,513,484","1,057,554","73,680,075","665,233","560,372","539,461","86,281","77,383","41,243",0,"8,519"
Yellowstone NP,YELL,National Park,Intermountain ,WY,2014,9,"571,764","119,629","12,544,678","119,629","128,827","74,615","11,952","15,021","5,862",0,536,Yellowstone NP,YELL,National Park,Intermountain ,WY,2014,"3,513,484","1,057,554","73,680,075","665,233","560,372","539,461","86,281","77,383","41,243",0,"8,519"
Yellowstone NP,YELL,National Park,Intermountain ,WY,2014,10,"194,804","80,328","3,547,495","80,328","32,383","9,283","2,736","4,608","1,335",0,65,Yellowstone NP,YELL,National Park,Intermountain ,WY,2014,"3,513,484","1,057,554","73,680,075","665,233","560,372","539,461","86,281","77,383","41,243",0,"8,519"
Yellowstone NP,YELL,National Park,Intermountain ,WY,2014,11,"11,537","47,544","157,032","47,544",0,0,160,214,400,0,0,Yellowstone NP,YELL,National Park,Intermountain ,WY,2014,"3,513,484","1,057,554","73,680,075","665,233","560,372","539,461","86,281","77,383","41,243",0,"8,519"
Yellowstone NP,YELL,National Park,Intermountain ,WY,2014,12,"18,340","49,377","356,848","49,377","5,370",0,93,157,79,0,0,Yellowstone NP,YELL,National Park,Intermountain ,WY,2014,"3,513,484","1,057,554","73,680,075","665,233","560,372","539,461","86,281","77,383","41,243",0,"8,519"
Yellowstone NP,YELL,National Park,Intermountain ,WY,2015,1,"28,091","53,478","580,958","53,478","9,800",0,128,144,89,0,0,Yellowstone NP,YELL,National Park,Intermountain ,WY,2015,"4,097,710","1,156,118","82,016,845","711,795","552,940","584,979","104,149","69,830","44,898",0,"11,715"
Yellowstone NP,YELL,National Park,Intermountain ,WY,2015,2,"34,343","55,693","680,438","55,693","10,752",0,112,195,121,0,0,Yellowstone NP,YELL,National Park,Intermountain ,WY,2015,"4,097,710","1,156,118","82,016,845","711,795","552,940","584,979","104,149","69,830","44,898",0,"11,715"
Yellowstone NP,YELL,National Park,Intermountain ,WY,2015,3,"22,989","65,087","330,259","65,087","1,096",0,464,390,316,0,0,Yellowstone NP,YELL,National Park,Intermountain ,WY,2015,"4,097,710","1,156,118","82,016,845","711,795","552,940","584,979","104,149","69,830","44,898",0,"11,715"
Yellowstone NP,YELL,National Park,Intermountain ,WY,2015,4,"46,600","62,472","618,492","62,472",0,0,"1,053","1,306",112,0,0,Yellowstone NP,YELL,National Park,Intermountain ,WY,2015,"4,097,710","1,156,118","82,016,845","711,795","552,940","584,979","104,149","69,830","44,898",0,"11,715"
Yellowstone NP,YELL,National Park,Intermountain ,WY,2015,5,"386,064","98,137","6,925,963","98,137","43,306","36,651","5,686","8,150","1,292",0,464,Yellowstone NP,YELL,National Park,Intermountain ,WY,2015,"4,097,710","1,156,118","82,016,845","711,795","552,940","584,979","104,149","69,830","44,898",0,"11,715"
Yellowstone NP,YELL,National Park,Intermountain ,WY,2015,6,"780,768","148,865","16,546,812","148,865","124,376","134,580","19,363","12,899","5,631",0,"2,217",Yellowstone NP,YELL,National Park,Intermountain ,WY,2015,"4,097,710","1,156,118","82,016,845","711,795","552,940","584,979","104,149","69,830","44,898",0,"11,715"
Yellowstone NP,YELL,National Park,Intermountain ,WY,2015,7,"980,702","190,369","19,679,203","190,369","106,076","163,336","27,747","13,408","14,663",0,"4,386",Yellowstone NP,YELL,National Park,Intermountain ,WY,2015,"4,097,710","1,156,118","82,016,845","711,795","552,940","584,979","104,149","69,830","44,898",0,"11,715"
Yellowstone NP,YELL,National Park,Intermountain ,WY,2015,8,"854,408","168,410","18,171,798","168,410","117,106","155,110","27,597","12,813","13,703",0,"3,625",Yellowstone NP,YELL,National Park,Intermountain ,WY,2015,"4,097,710","1,156,118","82,016,845","711,795","552,940","584,979","104,149","69,830","44,898",0,"11,715"
Yellowstone NP,YELL,National Park,Intermountain ,WY,2015,9,"680,213","131,438","14,026,186","131,438","120,321","83,008","17,062","15,610","7,348",0,969,Yellowstone NP,YELL,National Park,Intermountain ,WY,2015,"4,097,710","1,156,118","82,016,845","711,795","552,940","584,979","104,149","69,830","44,898",0,"11,715"
Yellowstone NP,YELL,National Park,Intermountain ,WY,2015,10,"252,013","84,572","3,938,790","84,572","14,974","12,294","4,797","4,694","1,296",0,54,Yellowstone NP,YELL,National Park,Intermountain ,WY,2015,"4,097,710","1,156,118","82,016,845","711,795","552,940","584,979","104,149","69,830","44,898",0,"11,715"
Yellowstone NP,YELL,National Park,Intermountain ,WY,2015,11,"11,049","49,416","144,324","49,416",0,0,70,138,281,0,0,Yellowstone NP,YELL,National Park,Intermountain ,WY,2015,"4,097,710","1,156,118","82,016,845","711,795","552,940","584,979","104,149","69,830","44,898",0,"11,715"
Yellowstone NP,YELL,National Park,Intermountain ,WY,2015,12,"20,470","48,181","373,622","48,181","5,133",0,70,83,46,0,0,Yellowstone NP,YELL,National Park,Intermountain ,WY,2015,"4,097,710","1,156,118","82,016,845","711,795","552,940","584,979","104,149","69,830","44,898",0,"11,715"
Yellowstone NP,YELL,National Park,Intermountain ,WY,2016,1,"30,621","51,099","616,524","51,099","9,953",0,192,125,108,0,0,Yellowstone NP,YELL,National Park,Intermountain ,WY,2016,"4,257,177","1,198,856","84,411,927","743,728","579,227","583,068","101,639","68,991","44,663",0,"10,986"
Yellowstone NP,YELL,National Park,Intermountain ,WY,2016,2,"36,327","55,180","705,175","55,180","10,494",0,106,179,440,0,0,Yellowstone NP,YELL,National Park,Intermountain ,WY,2016,"4,257,177","1,198,856","84,411,927","743,728","579,227","583,068","101,639","68,991","44,663",0,"10,986"
Yellowstone NP,YELL,National Park,Intermountain ,WY,2016,3,"22,924","62,138","328,817","62,138","1,067",0,438,358,375,0,0,Yellowstone NP,YELL,National Park,Intermountain ,WY,2016,"4,257,177","1,198,856","84,411,927","743,728","579,227","583,068","101,639","68,991","44,663",0,"10,986"
Yellowstone NP,YELL,National Park,Intermountain ,WY,2016,4,"59,253","64,044","800,138","64,044",0,550,"1,264","1,728",170,0,0,Yellowstone NP,YELL,National Park,Intermountain ,WY,2016,"4,257,177","1,198,856","84,411,927","743,728","579,227","583,068","101,639","68,991","44,663",0,"10,986"
Yellowstone NP,YELL,National Park,Intermountain ,WY,2016,5,"444,630","105,417","7,533,668","105,417","36,544","41,393","5,248","6,618","1,501",0,284,Yellowstone NP,YELL,National Park,Intermountain ,WY,2016,"4,257,177","1,198,856","84,411,927","743,728","579,227","583,068","101,639","68,991","44,663",0,"10,986"
Yellowstone NP,YELL,National Park,Intermountain ,WY,2016,6,"838,316","156,070","17,362,708","156,070","127,306","134,716","20,381","13,274","6,604",0,"2,008",Yellowstone NP,YELL,National Park,Intermountain ,WY,2016,"4,257,177","1,198,856","84,411,927","743,728","579,227","583,068","101,639","68,991","44,663",0,"10,986"
Yellowstone NP,YELL,National Park,Intermountain ,WY,2016,7,"995,917","192,910","20,212,391","192,910","120,668","163,452","29,024","12,998","14,173",0,"3,909",Yellowstone NP,YELL,National Park,Intermountain ,WY,2016,"4,257,177","1,198,856","84,411,927","743,728","579,227","583,068","101,639","68,991","44,663",0,"10,986"
Yellowstone NP,YELL,National Park,Intermountain ,WY,2016,8,"841,036","176,451","17,988,408","176,451","119,995","152,641","27,075","12,256","13,412",0,"3,620",Yellowstone NP,YELL,National Park,Intermountain ,WY,2016,"4,257,177","1,198,856","84,411,927","743,728","579,227","583,068","101,639","68,991","44,663",0,"10,986"
Yellowstone NP,YELL,National Park,Intermountain ,WY,2016,9,"701,754","142,449","14,453,366","142,449","132,013","81,302","14,432","15,968","6,522",0,"1,110",Yellowstone NP,YELL,National Park,Intermountain ,WY,2016,"4,257,177","1,198,856","84,411,927","743,728","579,227","583,068","101,639","68,991","44,663",0,"10,986"
Yellowstone NP,YELL,National Park,Intermountain ,WY,2016,10,"242,004","84,598","3,758,347","84,598","18,193","9,014","2,877","4,662",794,0,55,Yellowstone NP,YELL,National Park,Intermountain ,WY,2016,"4,257,177","1,198,856","84,411,927","743,728","579,227","583,068","101,639","68,991","44,663",0,"10,986"
Yellowstone NP,YELL,National Park,Intermountain ,WY,2016,11,"24,710","60,954","337,033","60,954",0,0,560,707,421,0,0,Yellowstone NP,YELL,National Park,Intermountain ,WY,2016,"4,257,177","1,198,856","84,411,927","743,728","579,227","583,068","101,639","68,991","44,663",0,"10,986"
Yellowstone NP,YELL,National Park,Intermountain ,WY,2016,12,"19,685","47,546","315,352","47,546","2,994",0,42,118,143,0,0,Yellowstone NP,YELL,National Park,Intermountain ,WY,2016,"4,257,177","1,198,856","84,411,927","743,728","579,227","583,068","101,639","68,991","44,663",0,"10,986"
Yellowstone NP,YELL,National Park,Intermountain ,WY,2017,1,"29,518","53,822","512,791","53,822","6,272",0,154,93,89,0,0,Yellowstone NP,YELL,National Park,Intermountain ,WY,2017,"4,116,524","1,247,548","84,149,763","761,245","613,218","611,098","96,293","69,723","43,378",0,"14,270"
Yellowstone NP,YELL,National Park,Intermountain ,WY,2017,2,"32,275","54,038","550,526","54,038","6,362",0,106,102,231,0,0,Yellowstone NP,YELL,National Park,Intermountain ,WY,2017,"4,116,524","1,247,548","84,149,763","761,245","613,218","611,098","96,293","69,723","43,378",0,"14,270"
Yellowstone NP,YELL,National Park,Intermountain ,WY,2017,3,"23,897","62,505","332,650","62,505",787,0,349,448,328,0,0,Yellowstone NP,YELL,National Park,Intermountain ,WY,2017,"4,116,524","1,247,548","84,149,763","761,245","613,218","611,098","96,293","69,723","43,378",0,"14,270"
Yellowstone NP,YELL,National Park,Intermountain ,WY,2017,4,"45,160","65,733","619,507","65,733",0,790,963,"1,344",135,0,0,Yellowstone NP,YELL,National Park,Intermountain ,WY,2017,"4,116,524","1,247,548","84,149,763","761,245","613,218","611,098","96,293","69,723","43,378",0,"14,270"
Yellowstone NP,YELL,National Park,Intermountain ,WY,2017,5,"419,635","119,406","7,385,154","119,406","35,832","44,591","5,290","10,541","1,321",0,323,Yellowstone NP,YELL,National Park,Intermountain ,WY,2017,"4,116,524","1,247,548","84,149,763","761,245","613,218","611,098","96,293","69,723","43,378",0,"14,270"
Yellowstone NP,YELL,National Park,Intermountain ,WY,2017,6,"803,652","159,872","17,052,109","159,872","130,074","140,662","16,938","12,842","5,304",0,"2,859",Yellowstone NP,YELL,National Park,Intermountain ,WY,2017,"4,116,524","1,247,548","84,149,763","761,245","613,218","611,098","96,293","69,723","43,378",0,"14,270"
Yellowstone NP,YELL,National Park,Intermountain ,WY,2017,7,"962,404","202,263","19,952,840","202,263","128,237","163,149","28,678","12,413","12,942",0,"4,747",Yellowstone NP,YELL,National Park,Intermountain ,WY,2017,"4,116,524","1,247,548","84,149,763","761,245","613,218","611,098","96,293","69,723","43,378",0,"14,270"
Yellowstone NP,YELL,National Park,Intermountain ,WY,2017,8,"916,166","189,463","19,606,645","189,463","133,646","162,805","28,960","12,714","15,515",0,"5,221",Yellowstone NP,YELL,National Park,Intermountain ,WY,2017,"4,116,524","1,247,548","84,149,763","761,245","613,218","611,098","96,293","69,723","43,378",0,"14,270"
Yellowstone NP,YELL,National Park,Intermountain ,WY,2017,9,"640,068","140,300","14,069,897","140,300","141,771","91,178","12,000","13,946","6,216",0,"1,101",Yellowstone NP,YELL,National Park,Intermountain ,WY,2017,"4,116,524","1,247,548","84,149,763","761,245","613,218","611,098","96,293","69,723","43,378",0,"14,270"
Yellowstone NP,YELL,National Park,Intermountain ,WY,2017,10,"211,987","92,665","3,557,200","92,665","25,863","7,923","2,477","4,931","1,010",0,19,Yellowstone NP,YELL,National Park,Intermountain ,WY,2017,"4,116,524","1,247,548","84,149,763","761,245","613,218","611,098","96,293","69,723","43,378",0,"14,270"
Yellowstone NP,YELL,National Park,Intermountain ,WY,2017,11,"10,468","55,331","142,592","55,331",0,0,253,218,237,0,0,Yellowstone NP,YELL,National Park,Intermountain ,WY,2017,"4,116,524","1,247,548","84,149,763","761,245","613,218","611,098","96,293","69,723","43,378",0,"14,270"
Yellowstone NP,YELL,National Park,Intermountain ,WY,2017,12,"21,294","52,150","367,852","52,150","4,374",0,125,131,50,0,0,Yellowstone NP,YELL,National Park,Intermountain ,WY,2017,"4,116,524","1,247,548","84,149,763","761,245","613,218","611,098","96,293","69,723","43,378",0,"14,270"
Yellowstone NP,YELL,National Park,Intermountain ,WY,2018,1,"29,179","56,623","600,516","56,623","10,069",0,118,141,104,0,0,Yellowstone NP,YELL,National Park,Intermountain ,WY,2018,"4,115,000","1,229,439","84,567,084","751,843","632,913","616,089","88,562","74,771","41,978",0,"11,815"
Yellowstone NP,YELL,National Park,Intermountain ,WY,2018,2,"34,263","52,697","668,314","52,697","10,337",0,131,186,61,0,0,Yellowstone NP,YELL,National Park,Intermountain ,WY,2018,"4,115,000","1,229,439","84,567,084","751,843","632,913","616,089","88,562","74,771","41,978",0,"11,815"
Yellowstone NP,YELL,National Park,Intermountain ,WY,2018,3,"22,741","61,031","377,434","61,031","3,591",0,227,365,173,0,0,Yellowstone NP,YELL,National Park,Intermountain ,WY,2018,"4,115,000","1,229,439","84,567,084","751,843","632,913","616,089","88,562","74,771","41,978",0,"11,815"
Yellowstone NP,YELL,National Park,Intermountain ,WY,2018,4,"37,766","61,610","538,082","61,610",0,"1,456",538,"1,446",91,0,6,Yellowstone NP,YELL,National Park,Intermountain ,WY,2018,"4,115,000","1,229,439","84,567,084","751,843","632,913","616,089","88,562","74,771","41,978",0,"11,815"
Yellowstone NP,YELL,National Park,Intermountain ,WY,2018,5,"446,875","120,532","7,666,884","120,532","43,540","40,905","3,862","6,122","1,263",0,324,Yellowstone NP,YELL,National Park,Intermountain ,WY,2018,"4,115,000","1,229,439","84,567,084","751,843","632,913","616,089","88,562","74,771","41,978",0,"11,815"
Yellowstone NP,YELL,National Park,Intermountain ,WY,2018,6,"810,884","156,648","17,487,654","156,648","151,190","135,945","16,627","13,725","4,741",0,982,Yellowstone NP,YELL,National Park,Intermountain ,WY,2018,"4,115,000","1,229,439","84,567,084","751,843","632,913","616,089","88,562","74,771","41,978",0,"11,815"
Yellowstone NP,YELL,National Park,Intermountain ,WY,2018,7,"940,563","197,579","19,806,893","197,579","133,474","161,476","26,387","15,331","13,239",0,"5,098",Yellowstone NP,YELL,National Park,Intermountain ,WY,2018,"4,115,000","1,229,439","84,567,084","751,843","632,913","616,089","88,562","74,771","41,978",0,"11,815"
Yellowstone NP,YELL,National Park,Intermountain ,WY,2018,8,"813,970","174,770","17,972,316","174,770","134,072","149,767","24,458","15,126","14,180",0,"4,259",Yellowstone NP,YELL,National Park,Intermountain ,WY,2018,"4,115,000","1,229,439","84,567,084","751,843","632,913","616,089","88,562","74,771","41,978",0,"11,815"
Yellowstone NP,YELL,National Park,Intermountain ,WY,2018,9,"724,454","141,955","15,961,248","141,955","146,640","118,722","13,101","16,150","7,066",0,"1,146",Yellowstone NP,YELL,National Park,Intermountain ,WY,2018,"4,115,000","1,229,439","84,567,084","751,843","632,913","616,089","88,562","74,771","41,978",0,"11,815"
Yellowstone NP,YELL,National Park,Intermountain ,WY,2018,10,"218,076","90,763","3,030,466","90,763",0,"7,818","2,765","5,744",905,0,0,Yellowstone NP,YELL,National Park,Intermountain ,WY,2018,"4,115,000","1,229,439","84,567,084","751,843","632,913","616,089","88,562","74,771","41,978",0,"11,815"
Yellowstone NP,YELL,National Park,Intermountain ,WY,2018,11,"13,849","60,933","180,887","60,933",0,0,214,259,139,0,0,Yellowstone NP,YELL,National Park,Intermountain ,WY,2018,"4,115,000","1,229,439","84,567,084","751,843","632,913","616,089","88,562","74,771","41,978",0,"11,815"
Yellowstone NP,YELL,National Park,Intermountain ,WY,2018,12,"22,380","54,298","276,390","54,298",0,0,134,176,16,0,0,Yellowstone NP,YELL,National Park,Intermountain ,WY,2018,"4,115,000","1,229,439","84,567,084","751,843","632,913","616,089","88,562","74,771","41,978",0,"11,815"
Yellowstone NP,YELL,National Park,Intermountain ,WY,2019,1,"33,896","58,361","570,106","58,361","6,485",0,96,198,27,0,0,Yellowstone NP,YELL,National Park,Intermountain ,WY,2019,"4,020,288","1,187,528","80,349,419","698,834","653,635","474,653","81,022","80,294","38,236",0,"9,907"
Yellowstone NP,YELL,National Park,Intermountain ,WY,2019,2,"31,650","52,880","533,837","52,880","6,222",0,32,83,81,0,0,Yellowstone NP,YELL,National Park,Intermountain ,WY,2019,"4,020,288","1,187,528","80,349,419","698,834","653,635","474,653","81,022","80,294","38,236",0,"9,907"
Yellowstone NP,YELL,National Park,Intermountain ,WY,2019,3,"28,695","64,620","358,548","64,620",0,0,182,294,115,0,0,Yellowstone NP,YELL,National Park,Intermountain ,WY,2019,"4,020,288","1,187,528","80,349,419","698,834","653,635","474,653","81,022","80,294","38,236",0,"9,907"
Yellowstone NP,YELL,National Park,Intermountain ,WY,2019,4,"48,150","63,536","662,508","63,536",0,"1,290",643,"1,517",80,0,0,Yellowstone NP,YELL,National Park,Intermountain ,WY,2019,"4,020,288","1,187,528","80,349,419","698,834","653,635","474,653","81,022","80,294","38,236",0,"9,907"
Yellowstone NP,YELL,National Park,Intermountain ,WY,2019,5,"434,385","108,215","6,660,866","108,215","38,458","9,520","4,531","6,906",929,0,0,Yellowstone NP,YELL,National Park,Intermountain ,WY,2019,"4,020,288","1,187,528","80,349,419","698,834","653,635","474,653","81,022","80,294","38,236",0,"9,907"
Yellowstone NP,YELL,National Park,Intermountain ,WY,2019,6,"781,853","152,062","16,176,090","152,062","142,253","107,667","13,302","14,541","4,160",0,"1,154",Yellowstone NP,YELL,National Park,Intermountain ,WY,2019,"4,020,288","1,187,528","80,349,419","698,834","653,635","474,653","81,022","80,294","38,236",0,"9,907"
Yellowstone NP,YELL,National Park,Intermountain ,WY,2019,7,"936,062","193,317","19,420,614","193,317","142,253","138,611","27,136","16,227","12,556",0,"4,378",Yellowstone NP,YELL,National Park,Intermountain ,WY,2019,"4,020,288","1,187,528","80,349,419","698,834","653,635","474,653","81,022","80,294","38,236",0,"9,907"
Yellowstone NP,YELL,National Park,Intermountain ,WY,2019,8,"820,006","170,202","17,363,508","170,202","129,929","126,832","22,458","17,389","13,287",0,"3,582",Yellowstone NP,YELL,National Park,Intermountain ,WY,2019,"4,020,288","1,187,528","80,349,419","698,834","653,635","474,653","81,022","80,294","38,236",0,"9,907"
Yellowstone NP,YELL,National Park,Intermountain ,WY,2019,9,"693,118","134,406","14,724,566","134,406","145,510","85,171","10,822","18,691","6,034",0,736,Yellowstone NP,YELL,National Park,Intermountain ,WY,2019,"4,020,288","1,187,528","80,349,419","698,834","653,635","474,653","81,022","80,294","38,236",0,"9,907"
Yellowstone NP,YELL,National Park,Intermountain ,WY,2019,10,"171,339","81,757","3,275,664","81,757","38,965","5,562","1,494","3,834",905,0,57,Yellowstone NP,YELL,National Park,Intermountain ,WY,2019,"4,020,288","1,187,528","80,349,419","698,834","653,635","474,653","81,022","80,294","38,236",0,"9,907"
Yellowstone NP,YELL,National Park,Intermountain ,WY,2019,11,"15,628","52,449","202,188","52,449",0,0,182,419,9,0,0,Yellowstone NP,YELL,National Park,Intermountain ,WY,2019,"4,020,288","1,187,528","80,349,419","698,834","653,635","474,653","81,022","80,294","38,236",0,"9,907"
Yellowstone NP,YELL,National Park,Intermountain ,WY,2019,12,"25,506","55,723","400,924","55,723","3,560",0,144,195,53,0,0,Yellowstone NP,YELL,National Park,Intermountain ,WY,2019,"4,020,288","1,187,528","80,349,419","698,834","653,635","474,653","81,022","80,294","38,236",0,"9,907"
Yellowstone NP,YELL,National Park,Intermountain ,WY,2020,1,"25,234","58,120","573,557","58,120","10,763",0,118,336,64,0,0,Yellowstone NP,YELL,National Park,Intermountain ,WY,2020,"3,806,306","1,122,445","60,941,894","650,501","148,443","402,775","19,731","23,290","39,364",0,"2,491"
Yellowstone NP,YELL,National Park,Intermountain ,WY,2020,2,"41,880","59,368","763,423","59,368","10,520",0,86,224,39,0,0,Yellowstone NP,YELL,National Park,Intermountain ,WY,2020,"3,806,306","1,122,445","60,941,894","650,501","148,443","402,775","19,731","23,290","39,364",0,"2,491"
Yellowstone NP,YELL,National Park,Intermountain ,WY,2020,3,"32,516","72,370","407,717","72,370",0,0,150,509,71,0,0,Yellowstone NP,YELL,National Park,Intermountain ,WY,2020,"3,806,306","1,122,445","60,941,894","650,501","148,443","402,775","19,731","23,290","39,364",0,"2,491"
Yellowstone NP,YELL,National Park,Intermountain ,WY,2020,4,0,"44,945",0,"44,945",0,0,0,0,0,0,0,Yellowstone NP,YELL,National Park,Intermountain ,WY,2020,"3,806,306","1,122,445","60,941,894","650,501","148,443","402,775","19,731","23,290","39,364",0,"2,491"
Yellowstone NP,YELL,National Park,Intermountain ,WY,2020,5,"46,219","76,262","554,623","76,262",0,0,0,0,0,0,0,Yellowstone NP,YELL,National Park,Intermountain ,WY,2020,"3,806,306","1,122,445","60,941,894","650,501","148,443","402,775","19,731","23,290","39,364",0,"2,491"
Yellowstone NP,YELL,National Park,Intermountain ,WY,2020,6,"573,205","92,762","8,666,260","92,762","12,425","59,053",0,0,"2,598",0,416,Yellowstone NP,YELL,National Park,Intermountain ,WY,2020,"3,806,306","1,122,445","60,941,894","650,501","148,443","402,775","19,731","23,290","39,364",0,"2,491"
Yellowstone NP,YELL,National Park,Intermountain ,WY,2020,7,"955,645","191,112","16,060,086","191,112","39,056","139,450",0,0,"11,517",0,"1,325",Yellowstone NP,YELL,National Park,Intermountain ,WY,2020,"3,806,306","1,122,445","60,941,894","650,501","148,443","402,775","19,731","23,290","39,364",0,"2,491"
Yellowstone NP,YELL,National Park,Intermountain ,WY,2020,8,"881,829","171,138","14,777,275","171,138","26,334","128,963","2,323","2,157","14,453",0,575,Yellowstone NP,YELL,National Park,Intermountain ,WY,2020,"3,806,306","1,122,445","60,941,894","650,501","148,443","402,775","19,731","23,290","39,364",0,"2,491"
Yellowstone NP,YELL,National Park,Intermountain ,WY,2020,9,"837,114","152,519","13,258,355","152,519","33,679","67,533","12,250","11,424","8,814",0,175,Yellowstone NP,YELL,National Park,Intermountain ,WY,2020,"3,806,306","1,122,445","60,941,894","650,501","148,443","402,775","19,731","23,290","39,364",0,"2,491"
Yellowstone NP,YELL,National Park,Intermountain ,WY,2020,10,"359,889","100,505","5,181,164","100,505","14,463","7,776","4,234","7,808","1,657",0,0,Yellowstone NP,YELL,National Park,Intermountain ,WY,2020,"3,806,306","1,122,445","60,941,894","650,501","148,443","402,775","19,731","23,290","39,364",0,"2,491"
Yellowstone NP,YELL,National Park,Intermountain ,WY,2020,11,"24,132","52,007","321,734","52,007",461,0,352,486,40,0,0,Yellowstone NP,YELL,National Park,Intermountain ,WY,2020,"3,806,306","1,122,445","60,941,894","650,501","148,443","402,775","19,731","23,290","39,364",0,"2,491"
Yellowstone NP,YELL,National Park,Intermountain ,WY,2020,12,"28,643","51,337","377,700","51,337",742,0,218,346,111,0,0,Yellowstone NP,YELL,National Park,Intermountain ,WY,2020,"3,806,306","1,122,445","60,941,894","650,501","148,443","402,775","19,731","23,290","39,364",0,"2,491"
Yellowstone NP,YELL,National Park,Intermountain ,WY,2021,1,"35,338","60,975","463,738","60,975","1,014",0,115,422,102,0,0,Yellowstone NP,YELL,National Park,Intermountain ,WY,2021,"4,860,242","1,329,368","82,663,495","787,930","412,922","442,716","52,511","59,365","43,355",0,"3,323"
Yellowstone NP,YELL,National Park,Intermountain ,WY,2021,2,"36,897","53,569","478,308","53,569","1,020",0,93,275,93,0,0,Yellowstone NP,YELL,National Park,Intermountain ,WY,2021,"4,860,242","1,329,368","82,663,495","787,930","412,922","442,716","52,511","59,365","43,355",0,"3,323"
Yellowstone NP,YELL,National Park,Intermountain ,WY,2021,3,"35,611","73,117","471,396","73,117",853,0,250,582,151,0,0,Yellowstone NP,YELL,National Park,Intermountain ,WY,2021,"4,860,242","1,329,368","82,663,495","787,930","412,922","442,716","52,511","59,365","43,355",0,"3,323"
Yellowstone NP,YELL,National Park,Intermountain ,WY,2021,4,"67,508","77,290","877,673","77,290",0,0,634,"2,003",179,0,0,Yellowstone NP,YELL,National Park,Intermountain ,WY,2021,"4,860,242","1,329,368","82,663,495","787,930","412,922","442,716","52,511","59,365","43,355",0,"3,323"
Yellowstone NP,YELL,National Park,Intermountain ,WY,2021,5,"473,799","126,299","6,801,564","126,299","19,008","18,096","2,970","5,162","1,264",0,0,Yellowstone NP,YELL,National Park,Intermountain ,WY,2021,"4,860,242","1,329,368","82,663,495","787,930","412,922","442,716","52,511","59,365","43,355",0,"3,323"
Yellowstone NP,YELL,National Park,Intermountain ,WY,2021,6,"938,845","191,850","15,847,901","191,850","76,656","89,782","9,760","8,614","5,712",0,382,Yellowstone NP,YELL,National Park,Intermountain ,WY,2021,"4,860,242","1,329,368","82,663,495","787,930","412,922","442,716","52,511","59,365","43,355",0,"3,323"
Yellowstone NP,YELL,National Park,Intermountain ,WY,2021,7,"1,080,767","202,660","19,645,627","202,660","99,731","138,067","14,682","11,094","13,659",0,951,Yellowstone NP,YELL,National Park,Intermountain ,WY,2021,"4,860,242","1,329,368","82,663,495","787,930","412,922","442,716","52,511","59,365","43,355",0,"3,323"
Yellowstone NP,YELL,National Park,Intermountain ,WY,2021,8,"921,844","180,479","17,222,129","180,479","93,787","123,504","12,397","11,677","13,841",0,"1,461",Yellowstone NP,YELL,National Park,Intermountain ,WY,2021,"4,860,242","1,329,368","82,663,495","787,930","412,922","442,716","52,511","59,365","43,355",0,"3,323"
Yellowstone NP,YELL,National Park,Intermountain ,WY,2021,9,"882,078","154,422","15,058,243","154,422","94,959","62,496","8,467","12,573","7,370",0,523,Yellowstone NP,YELL,National Park,Intermountain ,WY,2021,"4,860,242","1,329,368","82,663,495","787,930","412,922","442,716","52,511","59,365","43,355",0,"3,323"
Yellowstone NP,YELL,National Park,Intermountain ,WY,2021,10,"316,662","104,321","4,728,566","104,321","18,485","10,771","2,682","5,840",909,0,6,Yellowstone NP,YELL,National Park,Intermountain ,WY,2021,"4,860,242","1,329,368","82,663,495","787,930","412,922","442,716","52,511","59,365","43,355",0,"3,323"
Yellowstone NP,YELL,National Park,Intermountain ,WY,2021,11,"33,144","63,973","476,436","63,973","2,024",0,301,893,62,0,0,Yellowstone NP,YELL,National Park,Intermountain ,WY,2021,"4,860,242","1,329,368","82,663,495","787,930","412,922","442,716","52,511","59,365","43,355",0,"3,323"
Yellowstone NP,YELL,National Park,Intermountain ,WY,2021,12,"37,749","40,413","591,914","40,413","5,385",0,160,230,13,0,0,Yellowstone NP,YELL,National Park,Intermountain ,WY,2021,"4,860,242","1,329,368","82,663,495","787,930","412,922","442,716","52,511","59,365","43,355",0,"3,323"
Yellowstone NP,YELL,National Park,Intermountain ,WY,2022,1,"46,615","62,941","781,488","62,941","8,763",0,118,307,66,0,0,Yellowstone NP,YELL,National Park,Intermountain ,WY,2022,"3,290,242","1,336,634","63,536,090","762,732","492,529","439,752","10,909","18,454","34,758",0,"5,814"
Yellowstone NP,YELL,National Park,Intermountain ,WY,2022,2,"47,300","67,972","815,182","67,972","9,759",0,80,384,93,0,0,Yellowstone NP,YELL,National Park,Intermountain ,WY,2022,"3,290,242","1,336,634","63,536,090","762,732","492,529","439,752","10,909","18,454","34,758",0,"5,814"
Yellowstone NP,YELL,National Park,Intermountain ,WY,2022,3,"35,593","75,280","524,921","75,280","3,319",0,138,554,65,0,0,Yellowstone NP,YELL,National Park,Intermountain ,WY,2022,"3,290,242","1,336,634","63,536,090","762,732","492,529","439,752","10,909","18,454","34,758",0,"5,814"
Yellowstone NP,YELL,National Park,Intermountain ,WY,2022,4,"80,283","68,193","1,033,625","68,193",0,0,371,"2,496",59,0,0,Yellowstone NP,YELL,National Park,Intermountain ,WY,2022,"3,290,242","1,336,634","63,536,090","762,732","492,529","439,752","10,909","18,454","34,758",0,"5,814"
Yellowstone NP,YELL,National Park,Intermountain ,WY,2022,5,"523,680","97,654","7,849,895","97,654","37,207","19,462","1,946","5,779",845,0,0,Yellowstone NP,YELL,National Park,Intermountain ,WY,2022,"3,290,242","1,336,634","63,536,090","762,732","492,529","439,752","10,909","18,454","34,758",0,"5,814"
Yellowstone NP,YELL,National Park,Intermountain ,WY,2022,6,"525,363","166,662","9,846,308","166,662","85,971","56,953",832,"2,163","1,111",0,551,Yellowstone NP,YELL,National Park,Intermountain ,WY,2022,"3,290,242","1,336,634","63,536,090","762,732","492,529","439,752","10,909","18,454","34,758",0,"5,814"
Yellowstone NP,YELL,National Park,Intermountain ,WY,2022,7,"596,562","204,661","13,282,321","204,661","96,394","143,599",0,0,"11,559",0,"3,597",Yellowstone NP,YELL,National Park,Intermountain ,WY,2022,"3,290,242","1,336,634","63,536,090","762,732","492,529","439,752","10,909","18,454","34,758",0,"5,814"
Yellowstone NP,YELL,National Park,Intermountain ,WY,2022,8,"582,211","196,261","13,295,510","196,261","103,353","141,220","2,227","1,408","13,213",0,"1,453",Yellowstone NP,YELL,National Park,Intermountain ,WY,2022,"3,290,242","1,336,634","63,536,090","762,732","492,529","439,752","10,909","18,454","34,758",0,"5,814"
Yellowstone NP,YELL,National Park,Intermountain ,WY,2022,9,"567,587","174,103","11,824,441","174,103","122,218","72,746","3,786","3,456","6,473",0,213,Yellowstone NP,YELL,National Park,Intermountain ,WY,2022,"3,290,242","1,336,634","63,536,090","762,732","492,529","439,752","10,909","18,454","34,758",0,"5,814"
Yellowstone NP,YELL,National Park,Intermountain ,WY,2022,10,"236,567","121,380","3,638,400","121,380","23,005","5,772","1,411","1,907","1,221",0,0,Yellowstone NP,YELL,National Park,Intermountain ,WY,2022,"3,290,242","1,336,634","63,536,090","762,732","492,529","439,752","10,909","18,454","34,758",0,"5,814"
Yellowstone NP,YELL,National Park,Intermountain ,WY,2022,11,"17,687","49,087","228,084","49,087",653,0,0,0,7,0,0,Yellowstone NP,YELL,National Park,Intermountain ,WY,2022,"3,290,242","1,336,634","63,536,090","762,732","492,529","439,752","10,909","18,454","34,758",0,"5,814"
Yellowstone NP,YELL,National Park,Intermountain ,WY,2022,12,"30,794","52,440","415,915","52,440","1,887",0,0,0,46,0,0,Yellowstone NP,YELL,National Park,Intermountain ,WY,2022,"3,290,242","1,336,634","63,536,090","762,732","492,529","439,752","10,909","18,454","34,758",0,"5,814"
Yellowstone NP,YELL,National Park,Intermountain ,WY,2023,1,"45,709","60,272","658,169","60,272","4,517",0,0,0,52,0,0,Yellowstone NP,YELL,National Park,Intermountain ,WY,2023,"4,501,382","1,306,861","81,677,408","752,457","640,582","412,586","25,295","30,413","38,262",0,"5,396"
Yellowstone NP,YELL,National Park,Intermountain ,WY,2023,2,"45,717","63,370","701,815","63,370","6,352",0,0,0,32,0,0,Yellowstone NP,YELL,National Park,Intermountain ,WY,2023,"4,501,382","1,306,861","81,677,408","752,457","640,582","412,586","25,295","30,413","38,262",0,"5,396"
Yellowstone NP,YELL,National Park,Intermountain ,WY,2023,3,"30,044","61,468","403,531","61,468","1,697",0,0,0,95,0,0,Yellowstone NP,YELL,National Park,Intermountain ,WY,2023,"4,501,382","1,306,861","81,677,408","752,457","640,582","412,586","25,295","30,413","38,262",0,"5,396"
Yellowstone NP,YELL,National Park,Intermountain ,WY,2023,4,"69,247","63,812","832,092","63,812",0,0,0,0,47,0,0,Yellowstone NP,YELL,National Park,Intermountain ,WY,2023,"4,501,382","1,306,861","81,677,408","752,457","640,582","412,586","25,295","30,413","38,262",0,"5,396"
Yellowstone NP,YELL,National Park,Intermountain ,WY,2023,5,"454,262","119,931","6,713,831","119,931","36,823","15,131",0,0,658,0,0,Yellowstone NP,YELL,National Park,Intermountain ,WY,2023,"4,501,382","1,306,861","81,677,408","752,457","640,582","412,586","25,295","30,413","38,262",0,"5,396"
Yellowstone NP,YELL,National Park,Intermountain ,WY,2023,6,"847,864","169,196","16,021,542","169,196","131,843","99,917","2,458","4,634","3,653",0,"1,128",Yellowstone NP,YELL,National Park,Intermountain ,WY,2023,"4,501,382","1,306,861","81,677,408","752,457","640,582","412,586","25,295","30,413","38,262",0,"5,396"
Yellowstone NP,YELL,National Park,Intermountain ,WY,2023,7,"969,692","200,740","17,807,386","200,740","125,189","100,984","8,406","8,064","11,723",0,"2,762",Yellowstone NP,YELL,National Park,Intermountain ,WY,2023,"4,501,382","1,306,861","81,677,408","752,457","640,582","412,586","25,295","30,413","38,262",0,"5,396"
Yellowstone NP,YELL,National Park,Intermountain ,WY,2023,8,"846,389","183,419","17,044,428","183,419","148,695","107,254","8,147","8,538","13,317",0,"1,039",Yellowstone NP,YELL,National Park,Intermountain ,WY,2023,"4,501,382","1,306,861","81,677,408","752,457","640,582","412,586","25,295","30,413","38,262",0,"5,396"
Yellowstone NP,YELL,National Park,Intermountain ,WY,2023,9,"838,458","160,297","16,051,048","160,297","147,267","82,621","4,886","6,774","7,549",0,467,Yellowstone NP,YELL,National Park,Intermountain ,WY,2023,"4,501,382","1,306,861","81,677,408","752,457","640,582","412,586","25,295","30,413","38,262",0,"5,396"
Yellowstone NP,YELL,National Park,Intermountain ,WY,2023,10,"299,127","106,532","4,693,703","106,532","34,417","6,679","1,398","2,403","1,110",0,0,Yellowstone NP,YELL,National Park,Intermountain ,WY,2023,"4,501,382","1,306,861","81,677,408","752,457","640,582","412,586","25,295","30,413","38,262",0,"5,396"
Yellowstone NP,YELL,National Park,Intermountain ,WY,2023,11,"20,109","61,213","241,451","61,213",0,0,0,0,6,0,0,Yellowstone NP,YELL,National Park,Intermountain ,WY,2023,"4,501,382","1,306,861","81,677,408","752,457","640,582","412,586","25,295","30,413","38,262",0,"5,396"
Yellowstone NP,YELL,National Park,Intermountain ,WY,2023,12,"34,764","56,611","508,412","56,611","3,782",0,0,0,20,0,0,Yellowstone NP,YELL,National Park,Intermountain ,WY,2023,"4,501,382","1,306,861","81,677,408","752,457","640,582","412,586","25,295","30,413","38,262",0,"5,396"
Yellowstone NP,YELL,National Park,Intermountain ,WY,2024,1,"42,740","58,796","712,853","58,796","8,279",0,0,0,53,0,0,Yellowstone NP,YELL,National Park,Intermountain ,WY,2024,"4,744,353","1,245,434","87,242,109","706,049","684,474","425,948","63,512","46,755","37,280",0,"4,943"
Yellowstone NP,YELL,National Park,Intermountain ,WY,2024,2,"49,291","40,288","814,982","40,288","9,237",0,0,0,75,0,0,Yellowstone NP,YELL,National Park,Intermountain ,WY,2024,"4,744,353","1,245,434","87,242,109","706,049","684,474","425,948","63,512","46,755","37,280",0,"4,943"
Yellowstone NP,YELL,National Park,Intermountain ,WY,2024,3,"32,862","47,167","473,035","47,167","3,193",0,0,0,86,0,0,Yellowstone NP,YELL,National Park,Intermountain ,WY,2024,"4,744,353","1,245,434","87,242,109","706,049","684,474","425,948","63,512","46,755","37,280",0,"4,943"
Yellowstone NP,YELL,National Park,Intermountain ,WY,2024,4,"71,784","58,609","862,531","58,609",0,0,0,0,47,0,0,Yellowstone NP,YELL,National Park,Intermountain ,WY,2024,"4,744,353","1,245,434","87,242,109","706,049","684,474","425,948","63,512","46,755","37,280",0,"4,943"
Yellowstone NP,YELL,National Park,Intermountain ,WY,2024,5,"522,450","115,341","7,689,049","115,341","42,208","15,329",320,534,708,0,53,Yellowstone NP,YELL,National Park,Intermountain ,WY,2024,"4,744,353","1,245,434","87,242,109","706,049","684,474","425,948","63,512","46,755","37,280",0,"4,943"
Yellowstone NP,YELL,National Park,Intermountain ,WY,2024,6,"914,612","165,644","17,466,498","165,644","149,512","93,741","11,586","10,032","4,158",0,"1,436",Yellowstone NP,YELL,National Park,Intermountain ,WY,2024,"4,744,353","1,245,434","87,242,109","706,049","684,474","425,948","63,512","46,755","37,280",0,"4,943"
Yellowstone NP,YELL,National Park,Intermountain ,WY,2024,7,"992,352","195,204","18,678,169","195,204","126,554","108,904","21,127","12,456","11,150",0,"1,890",Yellowstone NP,YELL,National Park,Intermountain ,WY,2024,"4,744,353","1,245,434","87,242,109","706,049","684,474","425,948","63,512","46,755","37,280",0,"4,943"
Yellowstone NP,YELL,National Park,Intermountain ,WY,2024,8,"868,259","182,030","17,305,016","182,030","134,183","110,793","17,096","10,920","12,742",0,"1,179",Yellowstone NP,YELL,National Park,Intermountain ,WY,2024,"4,744,353","1,245,434","87,242,109","706,049","684,474","425,948","63,512","46,755","37,280",0,"4,943"
Yellowstone NP,YELL,National Park,Intermountain ,WY,2024,9,"852,435","158,256","16,203,826","158,256","146,719","77,142","9,133","8,607","6,956",0,385,Yellowstone NP,YELL,National Park,Intermountain ,WY,2024,"4,744,353","1,245,434","87,242,109","706,049","684,474","425,948","63,512","46,755","37,280",0,"4,943"
Yellowstone NP,YELL,National Park,Intermountain ,WY,2024,10,"346,025","111,184","6,329,099","111,184","61,071","20,039","4,206","4,181","1,203",0,0,Yellowstone NP,YELL,National Park,Intermountain ,WY,2024,"4,744,353","1,245,434","87,242,109","706,049","684,474","425,948","63,512","46,755","37,280",0,"4,943"
Yellowstone NP,YELL,National Park,Intermountain ,WY,2024,11,"21,133","56,432","255,276","56,432",0,0,25,15,30,0,0,Yellowstone NP,YELL,National Park,Intermountain ,WY,2024,"4,744,353","1,245,434","87,242,109","706,049","684,474","425,948","63,512","46,755","37,280",0,"4,943"
Yellowstone NP,YELL,National Park,Intermountain ,WY,2024,12,"30,410","56,483","451,775","56,483","3,518",0,19,10,72,0,0,Yellowstone NP,YELL,National Park,Intermountain ,WY,2024,"4,744,353","1,245,434","87,242,109","706,049","684,474","425,948","63,512","46,755","37,280",0,"4,943"
